code,school,building,address,css,lon,lat,borough,n_da,pop_2021,children_0_14_pct,hh_with_children_pct,median_hh_income,lim_at_pct,no_diploma_25_64_pct,immigrants_pct,french_home_pct,renter_pct,movers5_pct,pampalon_material_q45_pct,pampalon_social_q45_pct,iemv_mean,iemv_coverage_pct,crime_total,crime_violent,crime_breakins,crime_vehicle,crime_mischief,ped_cycl_victims_per_yr,dwellings,single_pct,plex_pct,condo_pct,apt6_pct,median_year_built,value_single_median,bill_single_median,value_plex_median,bill_plex_median,value_condo_median,bill_condo_median,tax_rate_pct,tax_coverage_pct,metro_m,metro_name,metro_kind,metro_in_zone,park_pct,park_ha_per_1000
761001,École Saint-Octave,Saint-Octave,"11171, rue Notre-Dame Est",Centre de services scolaire de la Pointe-de-l'Île,-73.499493,45.629029,Montréal-Est,10,4946.0,15.539858728557013,28.085106382978726,65500.0,15.57935684647303,22.22222222222222,12.665985699693566,86.79050567595459,63.52201257861635,47.45395449620802,69.59158916295996,100.0,2.5956140350877193,46.097856854023455,19.40962393853619,0.5391562205148942,5.189378622455856,10.98530799299097,2.695781102574471,1.2,3206.0,20.711166562694945,41.734248284466624,6.487835308796007,31.06674984404242,1958.0,402300.0,2856.3450000000003,545400.0,3872.35,339333.0,2409.26,0.7099990476886517,40.7557354925776,4582.192106727253,Honoré-Beaugrand,métro,0,0.2506925741870337,0.1589788546618329
761002,École Sainte-Germaine-Cousin,Sainte-Germaine-Cousin,"1880, 48e Avenue",Centre de services scolaire de la Pointe-de-l'Île,-73.501648,45.667621,Rivière-des-Prairies-Pointe-aux-Trembles,21,12113.0,15.31791907514451,35.089463220675945,69000.0,13.191918253599628,17.441860465116278,18.00782949108308,85.89464518937746,50.24630541871922,37.016825829922695,78.09666343868298,48.921559996478564,2.3288202757368115,100.0,8.585816890943613,0.6879660970307384,1.4860067695863948,4.12779658218443,2.284047442142051,1.4,6038.0,34.21662802252401,13.530970520039748,6.310036435905928,45.94236502153031,1977.0,431500.0,3065.06,589216.5,4183.44,296400.0,2104.44,0.7100535257156155,99.96532593619972,8340.420691744017,Honoré-Beaugrand,métro,0,7.485651403591661,1.9383396855187636
761003,École Félix-Leclerc,Félix-Leclerc,"1750, boul. du Tricentenaire",Centre de services scolaire de la Pointe-de-l'Île,-73.504857,45.651295,Rivière-des-Prairies-Pointe-aux-Trembles,25,12846.0,16.057542768273716,33.12883435582822,63600.0,9.640249798549556,13.347457627118645,17.644787644787645,85.70309439874657,37.270341207349084,32.58837870784234,45.02568893040635,38.65794799937724,2.538455550365873,100.0,10.61290155171519,0.36327780372619234,1.530956458560382,5.864341688722819,2.854325600705797,1.6,5733.0,45.770102912960056,6.192220477934764,19.98953427524856,28.048142333856617,1982.0,438600.0,3114.07,539733.0,3832.1,262433.0,1873.45,0.7100569530315585,99.92570579494799,6548.646700312253,Honoré-Beaugrand,métro,0,4.518280775795995,1.103207749274936
761004,École François-La-Bernarde,François-La-Bernarde,"950, rue Pierre Lacroix",Centre de services scolaire de la Pointe-de-l'Île,-73.495348,45.646732,Rivière-des-Prairies-Pointe-aux-Trembles,28,13657.0,16.31906330040249,32.34349919743178,60800.0,13.208358895705521,17.38255033557047,17.169459962756054,86.15671641791045,54.63336019339242,38.03921568627451,63.51330325190602,65.91722421036253,2.4933001391227942,100.0,10.910155963974518,0.3661126162407557,1.830563081203778,5.833394352102707,2.880085914427278,1.0,6506.0,29.634183830310484,18.920996003688902,9.62188748847218,41.822932677528435,1968.0,442867.0,3144.36,566183.5,4021.795,238000.0,1689.8000000000002,0.7099986685882598,99.90503323836657,6406.4875831364225,Honoré-Beaugrand,métro,0,6.5626767521087235,1.5072236846135885
761006,École Sainte-Marguerite-Bourgeoys,Sainte-Marguerite-Bourgeoys,"11625, rue Lagauchetière",Centre de services scolaire de la Pointe-de-l'Île,-73.500573,45.635932,Rivière-des-Prairies-Pointe-aux-Trembles,21,10624.0,15.858823529411763,30.714285714285715,65500.0,13.988373205741627,20.399666944213156,14.707282246549264,86.49809160305344,56.58835546475996,42.448569994982435,73.90813253012048,85.49510542168674,2.1460124164278893,78.84036144578313,17.09964859437751,0.34513052208835343,4.518072289156627,9.318524096385541,2.917921686746988,1.4,5845.0,25.389221556886227,41.21471343028229,7.014542343883662,26.38152266894782,1959.0,409366.5,2907.09,565900.0,4019.66,267667.0,1900.4299999999998,0.7130916030534351,70.23004059539919,5165.28201758731,Honoré-Beaugrand,métro,0,2.5439095370621545,0.7510443918070228
761008,École Montmartre,Montmartre,"1855, 59e Avenue",Centre de services scolaire de la Pointe-de-l'Île,-73.49853,45.675496,Rivière-des-Prairies-Pointe-aux-Trembles,13,8981.0,13.3630289532294,28.84848484848485,69000.0,15.055507692307692,18.571428571428573,15.870098039215685,85.60334528076463,59.41676792223573,43.503184713375795,91.63729184392852,70.90069284064666,2.461529896448057,100.0,7.79423226812159,0.5938462680473593,1.3361541031065582,3.5630776082841553,2.3011542886835175,1.0,4545.0,24.796479647964798,16.567656765676567,20.41804180418042,38.21782178217822,1971.0,433583.5,3079.5099999999998,591066.5,4196.58,338600.0,2485.94,0.719147557328016,99.95889847924373,9247.632190708542,Honoré-Beaugrand,métro,0,21.86466846199871,7.63607536585795
761009,École Notre-Dame,Notre-Dame,"14425, rue Notre-Dame Est",Centre de services scolaire de la Pointe-de-l'Île,-73.494151,45.673534,Rivière-des-Prairies-Pointe-aux-Trembles,13,8468.0,14.353219137625517,31.799729364005415,70000.0,13.018002628120893,16.359447004608295,16.963696369636963,84.97772119669,50.94850948509485,40.02770083102493,91.08115115374643,61.30412237490277,2.158951346244686,100.0,7.518501023460872,0.43300267674381987,1.3383719099354432,3.660840812470477,2.0862856243111323,1.2,4092.0,26.19745845552297,18.035190615835777,22.482893450635384,33.28445747800586,1979.0,430766.5,3060.58,588083.0,4175.389999999999,334800.0,2475.54,0.7224635822797989,99.95794785534062,9155.059212984383,Honoré-Beaugrand,métro,0,11.082835689501637,4.105084028445373
761011,École de la Belle-Rive,"Belle-Rive, pavillon des Trembles, de la","15700, rue Notre-Dame Est",Centre de services scolaire de la Pointe-de-l'Île,-73.488027,45.691012,Rivière-des-Prairies-Pointe-aux-Trembles,13,6761.0,15.754437869822485,32.57698541329012,75500.0,6.352219531880549,10.796915167095115,15.078769692423105,87.0439314966493,21.335504885993487,35.8994501178319,37.49445348321254,52.46265345363113,2.170388995710694,100.0,8.430705516935365,0.29581422866439877,1.824187743430459,4.535818172854114,1.7748853719863926,0.8,3528.0,36.42290249433107,13.860544217687073,41.043083900226755,8.673469387755102,1991.0,443467.0,3149.33,565233.0,4025.585,273467.0,1970.5,0.7119935347549016,99.93215739484395,11143.620500345773,Honoré-Beaugrand,métro,0,5.269128415882538,2.444442653354427
761013,École Saint-Marcel,Saint-Marcel,"1470, 16e Avenue",Centre de services scolaire de la Pointe-de-l'Île,-73.50393,45.645481,Rivière-des-Prairies-Pointe-aux-Trembles,28,14079.0,16.075230660042582,33.0173775671406,63600.0,10.732617257429288,17.13917525773196,16.832386363636363,85.8777261351448,45.45454545454545,36.115269461077844,61.29696711414163,59.23716173023652,2.4977626251864478,100.0,10.98562871416057,0.23675923952932262,1.6336387527523262,6.605582782868102,2.50964793901082,1.2,6547.0,37.52863907133038,19.78005193218268,13.349625782801283,29.34168321368566,1970.0,421817.0,2995.25,579300.0,4115.75,238650.0,1694.4099999999999,0.7101760912698412,99.92481203007519,5980.90731755041,Honoré-Beaugrand,métro,0,5.594358448995084,1.2463226471175974
761020,École Alphonse-Pesant,Alphonse-Pesant,"4600, rue Compiègne",Centre de services scolaire de la Pointe-de-l'Île,-73.60342,45.57952,Saint-Léonard,43,23658.0,21.51310228233305,46.11948632049134,64000.0,17.92995461422088,19.66437177280551,49.57946948458055,42.12314225053079,72.02914798206278,41.523455643288436,93.19232136509065,49.65783860646996,3.144179558711641,100.0,11.652154310029024,0.7890213317552908,1.606221996787556,7.157550652351565,2.0993603291346123,2.2,10358.0,4.0741455879513415,70.66035914269165,3.8231318787410697,21.44236339061595,1969.0,497750.0,3286.84,864567.0,5897.21,368200.0,2511.4900000000002,0.6814348409118615,99.93813795236622,2213.7138564149036,Saint-Michel,métro,0,8.709080487739017,1.1546391604472572
761021,École Gabrielle-Roy,Gabrielle-Roy,"5950, rue Honoré-Mercier",Centre de services scolaire de la Pointe-de-l'Île,-73.601953,45.596899,Saint-Léonard,28,15709.0,19.687798661994265,45.6575682382134,68000.0,12.40790564233344,9.84354628422425,43.843162670123135,39.757884676648615,57.34557595993323,34.52544704264099,76.75854605640079,33.49672162454644,2.978929276211089,100.0,8.82721157722749,0.657797016572241,1.1458399643516455,5.092622063785091,1.9309525325185137,2.2,6463.0,26.117901903140954,67.36809531177472,3.3266285006962706,3.187374284388055,1972.0,636933.0,4344.53,962867.0,6567.715,303767.0,2071.99,0.6820998753199029,100.0,4131.489085048663,Saint-Michel,métro,0,5.11958816328555,1.0222061573474015
761022,École La Dauversière,"Dauversière, la","5485, rue Jean Talon Est",Centre de services scolaire de la Pointe-de-l'Île,-73.581316,45.581185,Saint-Léonard,40,25700.0,17.888391989111412,36.914339801230476,61200.0,17.71026960279893,11.928104575163399,45.86000412967169,44.44444444444444,69.76415094339623,41.56759136944078,83.86994376927262,58.57972066025757,3.2543968871595332,100.0,11.802853437094681,0.7522697795071335,1.9325551232166016,6.575875486381324,2.5421530479896237,7.0,12929.0,0.9745533297238765,56.24564931549231,9.761002397710573,33.01879495707325,1967.0,702883.5,4751.74,824966.5,5608.225,408167.0,2782.51,0.6798690168655617,99.97642065550578,2744.3996018115777,Cadillac,métro,0,4.79005142197939,0.5846003329668116
761023,École Lambert-Closse,Lambert-Closse,"6105, rue Ladauversière",Centre de services scolaire de la Pointe-de-l'Île,-73.574355,45.586828,Saint-Léonard,39,24580.0,17.59918616480163,36.25123639960435,62800.0,17.815265200517466,12.494558119286026,46.8904669679363,44.95772324190555,67.93103448275862,38.820301783264746,90.32397201188537,40.544426339499665,3.2412123677786817,100.0,10.021697857336589,0.772986167615948,1.600216978573366,5.4109031733116355,2.237591537835639,6.2,11730.0,2.318840579710145,54.62063086104006,11.270247229326513,31.790281329923275,1972.0,634466.5,4304.475,839916.5,5700.09,420433.0,2865.95,0.6787653619062716,99.97437868306432,2427.0819072456707,Cadillac,métro,0,9.400789654394547,1.199594491474021
761024,École Pie XII,Pie-XII,"5455, rue Dujarié",Centre de services scolaire de la Pointe-de-l'Île,-73.605018,45.590581,Saint-Léonard,31,18218.0,20.20312928904749,46.55172413793103,68000.0,12.431200219719857,11.890072910824454,45.336285635206195,40.21440351841672,58.93895348837209,35.68904593639576,78.03820397409156,54.62180261280053,2.7862553518498188,100.0,9.477805833058879,1.1710030372891278,1.4820507190690526,5.068247520767007,1.756504555933692,1.4,8353.0,20.483658565784747,66.81431820902671,3.6154674967077693,9.086555728480786,1971.0,661766.5,4513.914999999999,940617.0,6415.950000000001,315333.0,2150.88,0.6836737130954971,100.0,3449.0779971401485,Saint-Michel,métro,0,12.375248995224323,2.1306163440608983
761025,École Victor-Lavigne,Victor-Lavigne,"5400, boulevard Couture",Centre de services scolaire de la Pointe-de-l'Île,-73.610251,45.592534,Saint-Léonard,28,17186.0,20.09889470622455,47.93452844894778,71000.0,11.012521840419335,11.67925624636839,43.97890418986229,39.77272727272727,54.8159749412686,33.799316557937246,78.03444664261609,49.98836262073781,2.98225299662516,100.0,10.046937429690834,1.1055510299080646,1.2995073509445672,5.915667791613329,1.726211257224873,1.4,6507.0,22.252958352543413,72.89073305670816,4.364530505609344,0.49177808513908094,1971.0,685333.0,4674.65,940967.0,6418.33,497733.0,3433.68,0.6850483422371018,100.0,3730.9107015213012,Saint-Michel,métro,0,7.722493176867429,1.409401508038818
761026,École Wilfrid-Bastien,Wilfrid-Bastien,"8155, rue Collerette",Centre de services scolaire de la Pointe-de-l'Île,-73.592269,45.585802,Saint-Léonard,31,17396.0,15.899942495687178,39.584877687175684,65500.0,13.036020846106682,12.152991980259099,46.53586756591048,36.88477127967574,53.55555555555556,35.399935753292645,73.58515929560426,36.38929963704799,2.844906875143711,100.0,14.56273472829003,0.9772361462405149,2.1269257300528857,8.910094274545873,2.548478577450755,6.4,9508.0,9.791754312158183,53.76525031552377,14.08287757677745,22.360117795540596,1972.0,648900.0,4426.16,840266.5,5731.46,408616.5,2787.18,0.6821002749567426,100.0,2956.9384539664757,Saint-Michel,métro,0,11.61432511394176,2.094095993610269
761027,École Ferland,Ferland,"8755, rue Belcourt",Centre de services scolaire de la Pointe-de-l'Île,-73.597836,45.595189,Saint-Léonard,30,16700.0,19.053325344517674,44.7714949651433,68500.0,12.429025487256371,9.232613908872901,42.42695289206917,38.77734492058735,53.810264385692065,33.36498892054448,71.2874251497006,32.16766467065868,2.7974251497005986,100.0,8.622754491017965,0.6187624750499002,1.0778443113772456,5.089820359281437,1.8363273453093814,1.8,7105.0,24.883884588318086,70.2603800140746,2.857142857142857,1.9985925404644618,1971.0,638833.0,4357.49,910267.0,6208.925,303767.0,2071.99,0.6820995145631069,100.0,3942.024223988317,Saint-Michel,métro,0,8.915318261547613,1.674450780598451
761028,École Général Vanier,Général-Vanier,"4555, rue Buies",Centre de services scolaire de la Pointe-de-l'Île,-73.590024,45.572122,Saint-Léonard,33,23630.0,17.03343207786712,34.48780487804878,61200.0,18.00308846238694,13.570856685348279,42.265133434584506,50.13009540329575,66.44001942690626,41.36089177891314,75.21467786589085,75.16775374219887,3.473000423190859,100.0,13.711383834109183,1.1002962336013542,2.6096769643109043,7.123712794470307,2.8776978417266186,4.6,11971.0,7.359452009021802,43.3547740372567,12.25461532035753,37.031158633363965,1965.0,612167.0,4049.2400000000002,798817.0,5428.375,342166.5,2316.41,0.6630111911880511,99.91183601498787,1578.7848666444233,Saint-Michel,métro,0,3.4091776896332746,0.45252014965815757
761030,École Cardinal-Léger,Cardinal-Léger,"6951, avenue des Ormeaux",Centre de services scolaire de la Pointe-de-l'Île,-73.548142,45.611587,Anjou,34,19670.0,20.49847405900305,39.602731222842955,75000.0,13.213288170922356,13.437959784207946,35.966040648314895,70.16334864726902,62.88723667905825,40.724478594950604,64.68420779490374,58.7212621308838,2.615302491103203,100.0,9.540755804101,0.5592272496187086,0.9998305371970854,5.524487375021184,2.457210642264023,3.0,9389.0,19.51219512195122,50.75087868782619,5.421237618489722,24.31568857173288,1965.0,579000.0,4156.25,710067.0,5235.9,424633.0,3110.21,0.7237114473127048,99.9769903359411,1955.9286975108823,Honoré-Beaugrand,métro,0,10.434048628379214,1.6637976347547598
761031,École Chénier,Chénier,"5800, avenue Saint-Donat",Centre de services scolaire de la Pointe-de-l'Île,-73.542801,45.604036,Anjou,31,19026.0,18.881302521008404,38.061158100195186,74000.0,12.942296918767507,11.10531803962461,30.21978021978022,72.26177437020812,55.58441558441558,39.34807916181606,42.860364169344386,51.10772873329951,2.1349731945758434,100.0,11.650723571253373,0.7533550579908197,2.154945863555135,5.623883107326816,3.1185395423806024,1.4,8278.0,23.10944672626238,50.193283401787866,3.7811065474752352,22.91616332447451,1963.0,589600.0,4167.15,708467.0,5126.33,350067.0,2400.7,0.7094137164125626,99.97451580020387,1023.5188151225249,Honoré-Beaugrand,métro,0,14.390225134741142,2.3723136195200816
761033,École Des Roseraies,"Roseraies, des","6440, boul. Galeries d'Anjou",Centre de services scolaire de la Pointe-de-l'Île,-73.553934,45.593848,Anjou,30,19570.0,14.128768523249871,28.000000000000004,59200.0,13.114168649220195,11.177105831533478,34.41762854144806,64.02934241550956,57.283680175246445,38.64509051014811,45.78211820171746,61.418869618903294,2.705671946857435,100.0,8.022483392948391,0.23846022824050417,1.4648271163345257,4.292284108329075,2.026911940044285,3.2,10684.0,8.938599775365033,37.616997379258706,27.508423811306628,25.93597903406964,1977.0,610800.0,4324.345,841483.0,5873.605,327633.0,2405.42,0.7403004872076117,99.88732394366198,1198.4110853236882,Radisson,métro,0,7.887385699857617,1.2641373383363472
761035,École Jacques-Rousseau,Chénier,"5800, avenue Saint-Donat",Centre de services scolaire de la Pointe-de-l'Île,-73.542801,45.604036,Anjou,31,19026.0,18.881302521008404,38.061158100195186,74000.0,12.942296918767507,11.10531803962461,30.21978021978022,72.26177437020812,55.58441558441558,39.34807916181606,42.860364169344386,51.10772873329951,2.1349731945758434,100.0,11.650723571253373,0.7533550579908197,2.154945863555135,5.623883107326816,3.1185395423806024,1.4,8278.0,23.10944672626238,50.193283401787866,3.7811065474752352,22.91616332447451,1963.0,589600.0,4167.15,708467.0,5126.33,350067.0,2400.7,0.7094137164125626,99.97451580020387,1023.5188151225249,Honoré-Beaugrand,métro,0,14.390225134741142,2.3723136195200816
761037,École Saint-Joseph,Saint-Joseph,"7725, avenue des Ormeaux",Centre de services scolaire de la Pointe-de-l'Île,-73.554263,45.614584,Anjou,25,15128.0,21.137942441283496,41.006600660066006,75000.0,12.771476063829788,13.503184713375797,36.831617402856196,69.34840425531915,62.21311475409836,40.128068303094985,64.26493918561607,56.65653093601269,2.7792173453199367,100.0,9.408602150537634,0.48475233562488984,1.0135730653974968,5.77295963335096,2.137317116164287,3.4,6088.0,21.994086727989487,52.2503285151117,2.3817345597897503,23.373850197109068,1965.0,558800.0,4069.335,708767.0,5247.0,295567.0,2188.08,0.7350589429307518,99.96480112636395,2496.8335256706196,Honoré-Beaugrand,métro,0,6.194150279217854,1.2842578469391648
761038,École internationale Wilfrid-Pelletier,Wilfrid-Pelletier annexe,"7741, avenue du Ronceray",Centre de services scolaire de la Pointe-de-l'Île,-73.560932,45.606493,Anjou,23,14401.0,20.097188476223536,37.17532467532468,61200.0,13.866388599235314,11.901504787961697,39.95779106577559,64.32545201668984,64.68646864686468,40.65892923998503,56.072494965627385,60.322199847232824,2.5340601347128673,100.0,8.309608129065113,0.43978427424021477,0.9027150892299146,4.513575446149573,2.453533319445409,2.4,5733.0,14.076399790685503,45.75266003837433,3.4885749171463454,36.682365253793826,1965.0,584933.0,4330.26,737000.0,5456.02,293250.0,2170.93,0.7402992495958174,100.0,2282.6394523003655,Honoré-Beaugrand,métro,0,4.025601078743479,0.8767789033451225
761039,École Albatros,"Roseraies, des","6440, boul. Galeries d'Anjou",Centre de services scolaire de la Pointe-de-l'Île,-73.553934,45.593848,Anjou,30,19570.0,14.128768523249871,28.000000000000004,59200.0,13.114168649220195,11.177105831533478,34.41762854144806,64.02934241550956,57.283680175246445,38.64509051014811,45.78211820171746,61.418869618903294,2.705671946857435,100.0,8.022483392948391,0.23846022824050417,1.4648271163345257,4.292284108329075,2.026911940044285,3.2,10684.0,8.938599775365033,37.616997379258706,27.508423811306628,25.93597903406964,1977.0,610800.0,4324.345,841483.0,5873.605,327633.0,2405.42,0.7403004872076117,99.88732394366198,1198.4110853236882,Radisson,métro,0,7.887385699857617,1.2641373383363472
761040,École Denise-Pelletier,Denise-Pelletier,"12160, 27e Avenue",Centre de services scolaire de la Pointe-de-l'Île,-73.589817,45.637615,Rivière-des-Prairies-Pointe-aux-Trembles,35,16484.0,15.244457941087155,43.40659340659341,76500.0,11.060050172467859,13.481126423007789,38.82211538461539,39.48406676783004,36.18524332810047,25.663716814159294,72.85246299441883,26.607619509827714,2.210871147779665,100.0,8.33131117042789,0.5055407263609157,0.7886435331230284,5.399174957534579,1.6379519534093667,0.8,6650.0,49.59398496240601,26.49624060150376,8.541353383458647,15.368421052631579,1982.0,488167.0,3465.99,808800.0,5742.47,279150.0,1981.9650000000001,0.7100005835183701,99.97789078045545,6241.140729225374,Honoré-Beaugrand,métro,0,11.349950213258166,2.159649915625265
761042,École Fernand-Gauthier,Fernand-Gauthier,"12600, avenue Paul-Dufault",Centre de services scolaire de la Pointe-de-l'Île,-73.592283,45.643366,Rivière-des-Prairies-Pointe-aux-Trembles,21,10213.0,15.874571288584027,44.42988204456094,78500.0,10.547935548841894,12.944664031620553,38.15854258985721,43.47399411187439,33.33333333333333,24.9741468459152,79.78067169294037,16.09713110741212,1.7645158131792813,100.0,7.017200300270897,0.19582884558895525,0.848591664218806,4.014491334573583,1.9582884558895526,0.6,4231.0,55.47151973528717,17.513590167809028,11.746632001890806,15.268258095013,1983.0,508267.0,3608.69,769933.0,5466.53,281800.0,2000.79,0.7100008776101248,99.96822370511599,6846.854569100304,Honoré-Beaugrand,métro,0,10.65408266492783,3.272010858790896
761044,École Marc-Aurèle-Fortin,Marc-Aurèle-Fortin,"12230, avenue Fernand Gauthier",Centre de services scolaire de la Pointe-de-l'Île,-73.600891,45.631585,Rivière-des-Prairies-Pointe-aux-Trembles,30,14822.0,16.49205812774586,43.96853146853147,75000.0,12.56952348303051,14.62295081967213,41.57754010695187,47.15008431703204,40.03466204506066,29.4862772695285,80.10389960868979,41.30346781810822,2.456146269059506,100.0,10.569873611298519,0.6746727836999055,1.371834660189808,6.679260558629065,1.8441056087797416,0.2,6128.0,42.55874673629243,18.162532637075717,14.898825065274151,24.379895561357703,1983.0,490300.0,3481.13,846600.0,6010.84,294000.0,2087.4,0.7100009385224164,99.94993742177722,6429.488706176767,Honoré-Beaugrand,métro,0,10.590791353136513,2.2411638532160096
761045,École Notre-Dame-de-Fatima,Notre-Dame-de-Fatima,"12200, avenue René-Masson",Centre de services scolaire de la Pointe-de-l'Île,-73.575057,45.647182,Rivière-des-Prairies-Pointe-aux-Trembles,21,12773.0,16.275430359937403,46.77754677754678,81000.0,9.090869905956113,13.134328358208954,36.64450527962456,42.470588235294116,33.574380165289256,25.89249076733689,91.27064902528772,38.11947075863149,2.755421592421514,100.0,7.046112894386597,0.39145071635481093,0.808998147133276,4.149377593360996,1.6962864375375142,2.6,5286.0,53.23496027241771,12.23987892546349,13.82898221717745,20.696178584941354,1987.0,516133.0,3664.55,645683.5,4584.344999999999,279867.0,1987.06,0.7099988306900775,99.9223602484472,6432.594720254338,Honoré-Beaugrand,métro,0,6.292795931383526,1.5452641963434472
761046,École Simone-Desjardins,Simone-Desjardins pavillon Perras,"9955, boulevard Perras",Centre de services scolaire de la Pointe-de-l'Île,-73.563384,45.6598,Rivière-des-Prairies-Pointe-aux-Trembles,13,9468.0,19.040084388185655,51.84615384615384,94000.0,6.475528541226216,11.6600790513834,32.0915380521554,51.955602536997894,19.34477379095164,23.589164785553045,50.718208702999576,16.318124207858048,2.4214195183776934,100.0,6.301929305731587,0.14082523588227008,0.5280946345585128,4.506407548232643,1.1266018870581607,0.8,3733.0,66.5148673988749,13.63514599517814,12.96544334315564,6.88454326279132,1989.0,480333.0,3421.74,588833.5,4180.725,344816.5,2449.2700000000004,0.712298875432526,100.0,7373.64015847472,Honoré-Beaugrand,métro,0,4.19929895764322,1.3911390797367054
761050,École Adélard-Desrosiers,Adélard-Desrosiers,"12600, avenue Fortin",Centre de services scolaire de la Pointe-de-l'Île,-73.628931,45.619102,Montréal-Nord,33,19164.0,19.754697286012526,39.36305732484077,49600.0,22.480650406504065,25.412892914224827,36.50579671070369,58.82044560943643,73.520050922979,39.98260365323282,94.05162738496072,66.36924803591471,3.4770402838655814,100.0,15.56738328810965,1.234954428442218,3.6526821122938844,7.514088916718848,3.1656578306546996,4.8,8693.0,15.472219026803174,20.0506154377085,0.2070631542620499,64.27010238122628,1971.0,460416.5,3397.88,657883.0,4855.18,256450.0,1892.605,0.7379995802617623,99.88142292490119,6972.58440444326,Saint-Michel,métro,0,2.7661886884868347,0.45273872654136577
761052,École De la Fraternité,"Fraternité, de la","11241, avenue Drapeau",Centre de services scolaire de la Pointe-de-l'Île,-73.633201,45.597304,Montréal-Nord,40,24394.0,19.983586376692656,38.668699186991866,60800.0,18.704688476765995,21.847389558232933,40.68401174989509,59.41819682277698,70.1417004048583,40.90805902383655,100.0,73.27981651376146,2.576043289333443,100.0,11.068295482495696,0.6695635538793692,1.8583804760733516,6.354021480691974,2.186329971851002,2.4,10204.0,10.829086632693063,51.87181497451979,2.812622500980008,34.48647589180713,1962.0,425967.0,3143.63,570067.0,4207.09,355067.0,2620.39,0.7379987729525308,99.94683678894205,4914.023432804725,Saint-Michel,métro,0,8.80501185844918,1.132136863731171
761054,École Jean-Nicolet,Jean-Nicolet,"11235, avenue Salk",Centre de services scolaire de la Pointe-de-l'Île,-73.623908,45.602479,Montréal-Nord,35,20725.0,19.685990338164252,40.628778718258765,62800.0,18.51549636803874,21.33949191685912,39.892578125,55.98838616017421,68.10187992722862,39.3947299765197,97.33655006031363,60.07720144752714,2.599372738238842,100.0,14.362685967028549,1.158021712907117,2.316043425814234,8.186570164857256,2.7020506634499397,7.6,8880.0,12.736486486486488,53.02927927927929,1.5653153153153152,32.66891891891892,1964.0,428800.0,3166.635,595467.0,4394.54,518417.0,3606.245,0.735674004002183,99.91155660377359,5103.136453395446,Saint-Michel,métro,0,3.792923667720759,0.5740260074666176
761055,École Jules-Verne,Jules-Verne,"11811, rue P.-M. Favier",Centre de services scolaire de la Pointe-de-l'Île,-73.618248,45.612406,Montréal-Nord,48,27266.0,20.334006239677006,40.672645739910315,59600.0,20.627650192908323,24.670824670824672,39.350838803792854,54.812637766348274,74.46043165467626,41.55385520894644,97.97550062348712,67.6593559744737,3.5043277341744297,100.0,16.210665297440034,1.3325509181153574,3.3008142008362062,8.227585026528766,3.3497151519597055,6.6,12143.0,9.346948859425183,34.57959318125669,1.309396360042823,54.7640615992753,1970.0,425483.0,3140.81,650267.0,4798.98,267167.0,1971.7,0.7380009209281758,99.88616960728514,6023.343790303579,Saint-Michel,métro,0,2.7062255491277614,0.3113110709746069
761057,École Le Carignan,"Carignan, le","11480, boulevard Rolland",Centre de services scolaire de la Pointe-de-l'Île,-73.614733,45.610417,Montréal-Nord,38,22163.0,20.31144211238998,40.691927512355846,58400.0,21.47483608410581,25.41935483870968,39.98190863862506,54.103549626950034,78.39472237493128,42.352654651729175,100.0,70.98768217299101,3.6902495149573613,100.0,15.822166072583434,1.3686474454421031,3.0080163636090185,8.166764427198483,3.2787378363338298,7.8,9707.0,6.685896775522819,38.034408159060476,1.63799320078294,53.641701864633774,1969.0,418700.0,3094.19,646367.0,4770.19,267167.0,1971.7,0.7380004007604675,99.88990825688073,5747.6120465469785,Saint-Michel,métro,0,2.5922425070641366,0.3668589235510144
761058,École Marc-Laflamme - Le Prélude,Marc-Laflamme-Le Prélude,"555, 19e Avenue",Centre de services scolaire de la Pointe-de-l'Île,-73.490475,45.645814,Rivière-des-Prairies-Pointe-aux-Trembles,20,9869.0,16.0,30.585683297180044,55600.0,14.151631279129985,17.387218045112782,16.544502617801047,86.74262040393579,62.30769230769231,39.569536423841065,70.1632472975954,71.36554158394,2.5212280879521733,100.0,11.922856081332117,0.47286114770155707,2.53318471982977,5.708109568683081,3.208700645117709,0.6,4877.0,22.00123026450687,21.570637687102728,9.247488209965143,47.18064383842526,1965.0,440333.0,3126.37,562600.0,4002.51,248133.0,1761.75,0.7100033150426436,99.95085995085995,6514.06294443462,Honoré-Beaugrand,métro,0,5.342671240377355,1.6979985220882543
761059,École Pierre-de-Coubertin,Pierre-De-Coubertin,"4660, rue Charleroi",Centre de services scolaire de la Pointe-de-l'Île,-73.632665,45.595855,Montréal-Nord,39,23768.0,20.48852389976837,39.64248159831756,60800.0,19.03247114151347,22.495894909688012,41.30200474240138,58.760050782903086,70.498687664042,42.11880261927035,100.0,76.25419577247573,2.732371255469539,100.0,11.654325143049478,0.7993941433860653,1.8652530012341524,6.759789072141815,2.2298889262874453,3.4,10254.0,9.93758533255315,51.69689877121123,3.0914764969767896,35.274039399258825,1962.0,420950.0,3109.1949999999997,566233.0,4178.81,385267.0,2843.28,0.7363594821020564,99.97334044254865,4755.450393708665,Saint-Michel,métro,0,7.359003628006076,0.9711322669700778
761060,École René-Guénette,René-Guenette,"11070, avenue Rome",Centre de services scolaire de la Pointe-de-l'Île,-73.644644,45.590095,Montréal-Nord,37,23524.0,18.886764393456552,33.98247322297955,57200.0,20.235044594300632,18.695471541337767,39.86135181975737,59.53307392996109,73.52085354025219,43.69747899159664,83.71137625103799,79.71242515624317,2.951623873490903,100.0,9.423000623476733,0.8218556934761662,1.8562602731961684,4.860284532109052,1.8846001246953468,5.6,11906.0,8.945069712749874,36.41021333781287,4.459936166638669,50.18478078279859,1965.0,436550.0,3221.745,573000.0,4228.73,357333.0,2637.1099999999997,0.7380000910471011,99.88829935772131,4362.582125514838,Henri-Bourassa,métro,0,4.349858160873832,0.5799838908594588
761062,École Saint-Rémi,Saint-Rémi,"10152, avenue Rome",Centre de services scolaire de la Pointe-de-l'Île,-73.636293,45.582247,Montréal-Nord,40,23934.0,20.47589229805886,40.03059663437022,58000.0,19.230791850451585,21.932216595247368,44.24242424242424,53.862300587741395,68.94790602655772,43.00202839756592,96.85384808222612,69.64569232054816,3.301245090665998,100.0,11.044260605554163,0.8077769421464582,1.5598451296621265,6.322943650594691,2.3536948831508875,3.8,9612.0,8.354140657511444,57.25135247607158,4.02621722846442,30.36828963795256,1959.0,445333.0,3225.8,603700.0,4281.38,285433.0,2098.62,0.7088052354180671,99.80512249443207,3780.534891265357,Saint-Michel,métro,0,5.682020347274551,0.7446282419777517
761063,École Saint-Vincent-Marie,Saint-Vincent-Marie,"4601, rue de Castille",Centre de services scolaire de la Pointe-de-l'Île,-73.63267,45.594667,Montréal-Nord,38,22826.0,20.578566732412888,40.11019283746556,60800.0,19.568631390935476,22.866894197952217,42.334455667789,58.14004859730506,71.05263157894737,42.505483792347064,100.0,77.84306292645944,2.822921230176115,100.0,12.485761850521335,0.8761938140716726,1.9130231607231518,7.287011887029411,2.4095329886970998,3.8,10014.0,9.786299181146395,52.4765328540044,3.025763930497304,34.71140403435191,1962.0,417500.0,3081.16,566850.0,4183.344999999999,409800.0,3024.32,0.7352032953388697,99.94562262098967,4644.820068887103,Saint-Michel,métro,0,6.473062150064049,0.8894713623058651
761064,École Sainte-Colette,Sainte-Colette,"12001, rue Jean-Paul-Cardinal",Centre de services scolaire de la Pointe-de-l'Île,-73.629795,45.610129,Montréal-Nord,36,19660.0,18.20264765784114,41.0025706940874,68500.0,15.024008190427438,17.676021664204825,39.566878980891715,53.989769820971865,56.93996126533247,35.7877639415268,92.13123092573754,47.28382502543235,2.537436419125127,100.0,12.410986775178026,0.9494743981010512,2.2380467955239065,6.900644286198711,2.322821295354357,1.6,8384.0,23.19895038167939,47.70992366412214,0.5844465648854962,28.50667938931298,1965.0,450767.0,3326.66,630833.0,4655.55,313400.0,2312.9,0.7383643154404629,99.8931909212283,6063.5318557025685,Saint-Michel,métro,0,5.264448486772764,0.8398879936288991
761066,École Sainte-Gertrude,Sainte-Gertrude annexe,"5009, rue Ardennes",Centre de services scolaire de la Pointe-de-l'Île,-73.633399,45.604261,Montréal-Nord,36,21397.0,18.600842302292932,37.986270022883296,62400.0,17.808527870414483,19.945602901178606,38.296860133206465,60.31073446327684,65.14546491728466,40.458015267175576,94.71918678526048,70.11944091486659,2.478151142683554,100.0,9.939088034148089,0.6387188235110841,1.9628919942047949,5.327849698555872,2.009627517876338,4.6,9510.0,17.823343848580443,44.83701366982124,2.6393270241850684,34.70031545741325,1963.0,440500.0,3254.33,578667.0,4270.57,371600.0,2742.4100000000003,0.7380969860896446,99.8952331063384,5592.72223478891,Saint-Michel,métro,0,7.392678834056313,1.0836797512759033
761072,École Le Tournesol,Centre de réadaptation - Hôpital RDP,"7070, boulevard Perras",Centre de services scolaire de la Pointe-de-l'Île,-73.611759,45.624547,Rivière-des-Prairies-Pointe-aux-Trembles,28,17432.0,18.13486370157819,38.24817518248175,53200.0,23.978803473785785,25.937122128174124,37.32394366197183,57.18457943925234,73.06273062730627,44.32132963988919,89.87682573870902,80.00269233358013,4.032870582836163,100.0,12.945540767936363,0.9752179899036255,3.002141655193514,6.5588190301361475,2.4093620927030748,0.6,9474.0,8.190838083175004,10.977411864048976,11.821828161283513,69.00992189149251,1977.0,506533.0,3598.2799999999997,695267.0,5071.78,316416.5,2287.6099999999997,0.7152986274267342,99.81167608286252,6724.049280470917,Honoré-Beaugrand,métro,0,8.456247569877812,1.5215368604281392
762001,École Philippe-Labarre,Philippe-Labarre,"3125, avenue Fletcher",Centre de services scolaire de Montréal,-73.523154,45.610507,Mercier-Hochelaga-Maisonneuve,28,21087.0,18.95734597156398,35.165421558164354,61600.0,14.566397454723447,12.903225806451612,24.95743128192654,77.91890571568149,56.4844587352626,46.45751633986928,48.390003319580785,67.83326219945938,2.2933086735903636,100.0,8.978675645342312,0.39518818861541866,2.418551714326362,4.441915240037306,1.7230205023632255,1.6,10417.0,8.649323221656907,49.1696265719497,14.428338293174619,27.752711913218775,1966.0,475133.0,3209.26,638500.0,4315.39,333300.0,2252.3399999999997,0.6755266973511675,98.51737109980084,1836.0014611680097,Honoré-Beaugrand,métro,0,5.401652618589439,0.8034592577080863
762002,École Armand-Lavergne,Armand-Lavergne,"2600, avenue Fletcher",Centre de services scolaire de Montréal,-73.517466,45.608725,Mercier-Hochelaga-Maisonneuve,27,15792.0,15.796138018360239,29.343629343629345,60400.0,16.149728347714923,14.829106945975745,21.267112384590895,80.2677717564552,61.87096774193548,45.68906992532247,64.16540020263425,88.79812563323202,2.564906281661601,100.0,12.685748058088484,0.48547787909490037,3.630530226274907,6.015704154002027,2.5540357987166495,1.4,9554.0,7.8815155955620675,53.30751517688926,12.654385597655432,26.156583629893237,1963.0,445983.5,3011.7349999999997,626500.0,4234.35,322033.0,2177.61,0.6752966187487346,97.96668299853013,1958.8128234468652,Honoré-Beaugrand,métro,0,9.984715979945777,1.9831272692141089
762003,École Saint-Justin,"Saint-Justin, annexe","8805, rue de Forbin-Janson",Centre de services scolaire de Montréal,-73.532032,45.606259,Mercier-Hochelaga-Maisonneuve,36,24376.0,19.2741439409473,36.79568838804508,68500.0,12.769308855291577,10.919088766692852,27.339528852388156,75.94146761351409,54.849827671097984,44.63955637707948,40.727969348659,60.26819923371648,1.7465539875287168,100.0,9.148342632097144,0.4512635379061372,2.1469204682201073,4.786128432337819,1.7640301936330818,3.0,11141.0,12.216138587200431,53.59482990754869,10.573557131316758,23.615474373934116,1965.0,533367.0,3619.8199999999997,682016.5,4692.26,360567.0,2434.91,0.6772682280811002,99.95947315096251,1125.866280859213,Honoré-Beaugrand,métro,0,14.118642336544879,1.8166970097328659
762005,École La Vérendrye,La Vérendrye,"3055, rue Mousseau",Centre de services scolaire de Montréal,-73.526196,45.604522,Mercier-Hochelaga-Maisonneuve,39,22944.0,16.84095860566449,31.837708830548927,62400.0,14.897466063348416,12.994350282485875,22.71599368373562,78.75647668393782,59.60896518836433,43.4179033030158,49.45144618732433,86.38589173995828,1.8937848675034867,100.0,11.607973035797304,0.4794281729428173,2.9492096699209673,5.912947466294746,2.2663877266387726,3.0,12612.0,11.568347605455122,55.145892800507454,9.554392641928322,23.731366952109102,1963.0,488000.0,3298.6200000000003,649767.0,4404.75,332900.0,2248.86,0.6759814984633913,99.92710041917259,1153.9151401659942,Honoré-Beaugrand,métro,0,10.596437355611673,1.4485808748652709
762009,École Sainte-Claire,"Sainte-Claire, bâtiment Sainte-Claire","8500, rue Sainte-Claire",Centre de services scolaire de Montréal,-73.52485,45.600058,Mercier-Hochelaga-Maisonneuve,37,21074.0,15.73327005220693,29.164582291145575,60400.0,15.827675276752768,14.131374243733793,19.69510695844603,80.66732090284593,60.14091595369905,41.57799117570724,47.8502080443828,83.90132752129979,1.861440637752681,100.0,13.871753503527252,0.7750466609724462,3.6696086805226025,6.247825124165638,3.1792730378665657,3.6,11314.0,14.415768074951387,52.05939543927877,7.760296977196394,25.76453950857345,1960.0,493283.5,3331.1450000000004,641133.0,4331.360000000001,318817.0,2157.81,0.6759112415707457,99.9006359300477,919.8185157343158,Honoré-Beaugrand,métro,1,9.471749293196515,1.4097276714627234
762010,École Sainte-Louise-de-Marillac,"Sainte-Louise-de-Marillac, annexe","8075, rue Hochelaga",Centre de services scolaire de Montréal,-73.524117,45.594793,Mercier-Hochelaga-Maisonneuve,32,18544.0,15.542363734484619,29.09090909090909,61600.0,14.170345781466114,13.78482228626321,18.847438752783965,82.32211803640375,57.33788395904437,41.98002350176263,57.38241308793456,78.08355243938067,2.2765314926660913,100.0,13.571325855622664,0.7369859073914293,3.217572620074777,6.417169974115617,3.19959735404084,5.0,9760.0,14.436475409836067,44.825819672131146,13.176229508196721,27.561475409836067,1961.0,501933.0,3389.56,628916.5,4247.745000000001,333567.0,2253.25,0.6753877917521955,99.89165763813651,901.2868934603885,Honoré-Beaugrand,métro,1,3.839188522784425,0.6493637276780048
762012,École Saint-François-d'Assise,Saint-François-d'Assise,"2150, rue Liébert",Centre de services scolaire de Montréal,-73.518564,45.593812,Mercier-Hochelaga-Maisonneuve,30,16724.0,16.008378216636746,28.57142857142857,60400.0,15.268002410364568,15.023474178403756,17.887409200968523,83.28832883288328,62.20036877688998,44.252873563218394,57.64171250896914,80.89571872757713,2.3477038985888545,100.0,12.99529618113689,0.7175316909830184,2.690743841186319,6.6371681415929205,2.949852507374631,3.8,8697.0,13.027480740485226,48.92491663792112,9.876969069794182,28.170633551799472,1960.0,501933.0,3389.56,617333.0,4176.73,305933.0,2065.97,0.6756066844600942,99.87120041215867,1347.7317034883224,Honoré-Beaugrand,métro,0,9.165987395280771,1.7190602684185203
762013,École Boucher-De La Bruère,Boucher-De La Bruère,"7760, rue La Fontaine",Centre de services scolaire de Montréal,-73.513173,45.588439,Mercier-Hochelaga-Maisonneuve,18,9866.0,16.818642350557244,29.652996845425868,60000.0,16.077279673968416,15.506607929515418,18.45841784989858,81.95221148957805,64.6379853095488,43.401287553648075,65.35576728157308,89.09385769308737,2.796776809243868,100.0,14.663152915737548,0.5067909993918508,2.4325967970808837,9.291168322183932,2.4325967970808837,1.0,4976.0,9.22427652733119,43.508842443729904,12.761254019292604,34.505627009646304,1964.0,516533.0,3488.15,630267.0,4259.79,277133.0,1871.48,0.6760140259832724,99.95183044315993,1950.0641025104533,Honoré-Beaugrand,métro,0,4.878633120385603,1.550990203696844
762014,École Saint-Donat,Saint-Donat,"3155, rue Désautels",Centre de services scolaire de Montréal,-73.539426,45.583696,Mercier-Hochelaga-Maisonneuve,31,19164.0,14.874739039665972,27.765607886089818,58800.0,17.506783369803063,10.39339485186984,27.686852154937263,71.14093959731544,68.38356164383562,42.64281592613964,54.044616876818615,65.17297122534755,2.2623669380087663,100.0,17.98511097196132,2.052459472622278,3.6700758366381407,9.027342934669171,3.2352327280317263,5.2,9170.0,8.844056706652125,34.471101417666304,12.006543075245366,44.6782988004362,1965.0,604267.0,4080.6200000000003,733533.5,4953.55,380567.0,2569.9700000000003,0.6753008056757078,99.8212689901698,310.52707069042214,Langelier,métro,3,4.677963025323695,0.7656364989516238
762015,École Saint-Fabien,"Marie-Anne, annexe Rosalie-Jetté","5100, rue Bossuet",Centre de services scolaire de Montréal,-73.551805,45.577414,Mercier-Hochelaga-Maisonneuve,33,19221.0,13.902629523561572,26.26531699520511,68500.0,14.318063660477453,8.983218163869694,28.57142857142857,70.48399894207881,60.13763896241397,42.63479710950528,33.69019369791954,54.24645438993433,1.6124031007751938,100.0,15.521218112134296,1.5261085965003554,3.6071657735462948,7.162305117666441,3.225638624421206,1.8,11647.0,5.400532325920838,50.55379067571049,15.600583841332533,28.445093157036144,1966.0,705750.0,4761.66,798833.0,5392.05,448367.0,2985.04,0.6744502049122225,99.97878209208572,403.59899477783625,Cadillac,métro,3,12.459755029213385,2.033225421645693
762017,École Louis-Dupire,Louis-Dupire,"6400, av. Pierre-De Coubertin",Centre de services scolaire de Montréal,-73.535646,45.576505,Mercier-Hochelaga-Maisonneuve,30,16781.0,15.107270560190702,26.15112160566706,60000.0,18.58737160120846,11.087975013014056,27.08396027685826,71.50180940892642,72.94117647058823,45.792315020641475,52.14590906192207,80.40303552069383,2.1038078779572134,100.0,15.672486740957035,1.6486899866912976,3.774109608088513,7.111217051029934,3.1384700951472895,2.8,10037.0,5.250572880342732,46.79685164889907,9.71405798545382,38.23851748530437,1961.0,520600.0,3515.61,688300.0,4648.1,343466.5,2319.43,0.6761571628887235,99.86025712688654,863.4436488621977,Cadillac,métro,2,3.480702921551402,0.6505806265795254
762019,École Guillaume-Couture,Guillaume-Couture,"6300, avenue Albani",Centre de services scolaire de Montréal,-73.560927,45.583651,Mercier-Hochelaga-Maisonneuve,34,18768.0,17.03545721141029,33.81468110709988,68000.0,15.093351351351352,10.09994739610731,37.139749864056554,61.07095046854083,68.01938219261054,39.377342173537045,59.301464304028265,43.70121360606233,1.8903985507246377,100.0,11.42014776925263,0.7281898266552997,1.722790565501563,6.624751349815288,2.3444160272804777,2.0,9655.0,5.965820818228897,74.43811496633869,1.5535991714137753,18.042465044018645,1970.0,667950.0,4472.115,849400.0,5741.400000000001,341100.0,2313.685,0.6753009454364487,99.96908809891808,1344.0262165264962,Cadillac,métro,0,15.91379757772034,2.659548048340416
762022,École Notre-Dame-des-Victoires,Notre-Dame-des-Victoires,"2720, rue Bossuet",Centre de services scolaire de Montréal,-73.539205,45.573508,Mercier-Hochelaga-Maisonneuve,30,17412.0,14.125753660637383,23.961840628507293,59600.0,18.366439976345358,11.612234318299636,25.823529411764707,72.93388429752066,74.25519955030916,46.46621202727837,54.43274230102653,83.9021463804826,2.129393521709166,100.0,15.60226663603645,1.646374148097098,3.9244965158128493,6.910942644919213,3.12045332720729,5.0,9670.0,3.3195449844881075,47.11478800413651,11.758014477766288,37.8076525336091,1961.0,520633.0,3515.83,689917.0,4661.155,346533.0,2340.14,0.6768611401499143,99.97102289191538,692.0249555904278,Cadillac,métro,2,2.0752372136811332,0.3738273690613596
762023,École Alphonse-Desjardins,Alphonse-Desjardins,"6600, rue Lemay",Centre de services scolaire de Montréal,-73.570107,45.57736,Rosemont-La Petite-Patrie,39,23315.0,17.42018427255196,32.347417840375584,59200.0,17.356405185673477,10.226320201173513,36.118538324420676,59.41870629370629,69.17647058823529,42.20334984666195,48.70278519648989,72.80141167493323,1.9658588891271713,100.0,10.408177854028166,0.7863321180927871,1.7156337122024448,5.532918721852885,2.3732933018800484,3.4,12195.0,4.977449774497745,64.29684296842967,3.0668306683066833,27.658876588765885,1962.0,755100.0,4976.87,812183.5,5453.96,372733.5,2471.625,0.6723810700823616,99.97514910536779,1827.7327446924132,Cadillac,métro,0,7.058644600488889,0.9495938694816178
762024,École Notre-Dame-du-Foyer,Notre-Dame-du-Foyer,"5955, 41e Avenue",Centre de services scolaire de Montréal,-73.565067,45.572383,Rosemont-La Petite-Patrie,29,19020.0,13.899106673673147,24.679322729604923,63200.0,14.95089932885906,7.549120992761117,27.000808407437347,73.70678102385419,65.05900461775269,43.73415939172064,22.37394370138228,79.8421847892999,1.6995268138801263,100.0,8.797756747283561,0.47318611987381703,1.4195583596214512,4.889589905362776,2.015422362425517,2.6,9516.0,6.872635561160151,48.50777637662883,12.831021437578816,31.788566624632196,1961.0,875750.0,5800.075000000001,811600.0,5385.4,476067.0,3137.76,0.6608916677993748,100.0,1469.2191597843196,Assomption,métro,0,26.660066607222184,4.396455924013559
762025,École Saint-Clément,Saint-Clément,"4770, rue La Fontaine",Centre de services scolaire de Montréal,-73.533936,45.556444,Mercier-Hochelaga-Maisonneuve,33,20352.0,12.371134020618557,20.126639529624605,59200.0,18.982117527862208,10.976058931860038,16.30761523046092,84.13293353323338,69.81046931407943,56.43849986886965,44.72921434019832,94.93516399694889,2.0470715408805034,100.0,19.801493710691826,0.8680555555555556,6.518605870020964,7.648715932914046,4.766116352201258,4.6,10886.0,1.85559434135587,34.79698695572295,23.828770898401615,39.51864780451957,1929.0,702333.0,4828.41,822616.5,5576.51,378833.0,2577.84,0.6788379022244576,99.81588032220944,1165.7495545648455,Viau,métro,0,6.639063874039327,1.0231793323877931
762028,École Maisonneuve,Maisonneuve,"1680, avenue Morgan",Centre de services scolaire de Montréal,-73.536483,45.552124,Mercier-Hochelaga-Maisonneuve,41,24746.0,12.111425111021397,18.90400882677455,59600.0,18.807094525322945,11.540731995277449,15.145948152684221,85.87443946188341,71.10948370560234,57.234178563818446,50.838471023427864,95.90628853267572,2.0382688111209895,100.0,22.98014493924944,1.0372046660739784,7.4894259004822334,9.011557423421968,5.441956949271263,9.2,15993.0,1.3693490902269743,38.34802726192709,22.509848058525606,37.77277558932033,1928.0,711883.5,4833.030000000001,814083.5,5517.77,376167.0,2550.61,0.6802524492422743,99.84114376489276,1197.3931433058024,Pie IX,métro,0,7.758081424805079,0.9833346230706029
762029,École des Monarques,"Des Monarques, édifice Marie-Rollet","4315, rue Beaubien Est",Centre de services scolaire de Montréal,-73.578342,45.564769,Rosemont-La Petite-Patrie,44,28259.0,15.885370599681586,28.08022922636103,52000.0,19.533834586466167,10.24746192893401,30.007336757153336,69.20014477017735,69.7957721246865,45.309768887162555,45.859897991711826,94.03092126235256,2.4196539155667223,100.0,11.005343430411552,1.061608691036484,2.2883565117897544,4.965969543626219,2.6894086839590927,6.4,14651.0,6.374991468159171,38.46836393420244,9.03010033444816,46.126544263190226,1957.0,712567.0,4696.52,755317.0,4990.56,396400.0,2651.5550000000003,0.6607903446051605,99.68808484092327,1777.5780974671686,Saint-Michel,métro,0,14.268536207354437,1.583706277769141
762032,École Saint-Jean-Baptiste-de-la-Salle,Saint-Jean-Baptiste-de-la-Salle,"2355, boulevard Pie IX",Centre de services scolaire de Montréal,-73.546325,45.552133,Mercier-Hochelaga-Maisonneuve,50,31981.0,10.973894012818509,17.53409407180629,56000.0,18.450047725103403,9.250175192711984,18.197823303457106,81.6582117945466,71.89068600111544,57.48953974895398,39.01281596022856,91.78099880556542,2.132641255745599,100.0,21.14797327579917,1.1673597865399248,6.128638879334605,8.786466964760328,5.065507645164317,10.6,19882.0,1.5944070013077156,39.22140629715321,20.405391811688965,38.77879488985012,1951.0,715733.0,4889.39,815016.5,5516.72,379833.0,2567.04,0.6753008088076231,99.88065243336428,466.79032359732656,Pie IX,métro,2,4.1099155638976885,0.40308150020995914
762033,École Saint-Nom-de-Jésus,Saint-Nom-de-Jésus,"4131, rue Adam",Centre de services scolaire de Montréal,-73.537271,45.549298,Mercier-Hochelaga-Maisonneuve,43,26107.0,11.657733537519142,18.149964961457606,58400.0,17.917834146341463,10.817645406012925,15.375586854460094,86.09387121799845,72.46935201401051,57.00819672131148,53.67087599091742,94.21583077719794,1.7926992760562301,100.0,23.365380932317002,1.0597413209739406,7.367117375927274,9.499367985597733,5.439154249818056,12.2,15848.0,0.8644623927309439,42.036850075719336,19.201161029782938,37.897526501766784,1925.0,746300.0,5039.7699999999995,812700.0,5503.71,376816.5,2558.1450000000004,0.6771655093792103,99.76060191518468,1104.5231857190681,Joliette,métro,0,8.356185468626146,1.0039292495630117
762034,École Bienville,Bienville,"9275, 25e Avenue",Centre de services scolaire de Montréal,-73.622568,45.583345,Villeray-Saint-Michel-Parc-Extension,32,18461.0,22.156013001083423,44.49826989619377,60400.0,19.500867208672087,23.637316561844866,48.34345665378244,45.90785907859078,77.01949860724234,43.00269703326341,98.2395319863496,61.730133795569046,3.7699474568008235,100.0,11.610060848996985,0.686131123268873,1.4986548218767493,6.969647725836447,2.4556271780149146,4.0,7717.0,5.105610988726189,63.36659323571337,2.04742775690035,29.4803680186601,1968.0,725867.0,4952.625,756417.0,5107.51,261033.0,1926.4199999999998,0.6775656290345718,99.95539696699376,3160.6173500511013,Saint-Michel,métro,0,2.562032077813253,0.43529266271575356
762035,École Sainte-Jeanne-d'Arc,Sainte-Jeanne-d'Arc,"3700, rue Sherbrooke Est",Centre de services scolaire de Montréal,-73.554425,45.54919,Mercier-Hochelaga-Maisonneuve,54,33303.0,11.713470491064724,19.341449916989486,58400.0,16.90260910079205,7.029959896201935,20.648464163822524,79.89833641404806,67.24757952973721,52.810266406757634,15.100201957433587,88.52260369737456,1.9282346935711498,100.0,15.023671541102402,0.8808015293917464,4.383989430381647,6.315747330070364,3.4431332512586454,10.8,19971.0,1.5572580241349958,33.27825346752791,25.22157127835361,39.94291722998348,1956.0,744000.0,5020.86,836833.5,5618.84,415767.0,2779.08,0.6673930896344517,99.97555012224939,366.1282891456665,Joliette,métro,3,5.0474888235078925,0.4753834024088328
762036,"École Saint-Noël-Chabanel, pavillon des Bâtisseurs","Saint-Noël-Chabanel, pavillon des Découvreurs","8777, 24e Avenue",Centre de services scolaire de Montréal,-73.613905,45.578404,Villeray-Saint-Michel-Parc-Extension,46,25212.0,23.343911146370488,47.107868681605005,62400.0,19.95304382312116,23.04672163329407,49.85026951487323,43.324737155326325,76.64921465968587,43.28583765112263,96.4144058384896,48.88148500713946,3.3219895287958114,100.0,8.52768522925591,0.5817335660267597,1.1502459146438204,4.825744354540166,1.9699613940451637,2.4,9975.0,4.802005012531328,63.35839598997494,1.9248120300751879,29.914786967418543,1969.0,656516.5,4450.26,890616.5,6072.395,324750.0,2215.115,0.6812388170974156,99.96359665089189,2341.4651728229073,Saint-Michel,métro,0,5.108847554667092,0.635576236951474
762039,École Léonard-De Vinci,"Léonard-De Vinci, annexe","7630, 22e Avenue",Centre de services scolaire de Montréal,-73.599168,45.568792,Villeray-Saint-Michel-Parc-Extension,32,21454.0,16.74830884068113,36.61573288058857,57600.0,20.3009765625,20.390455531453362,46.057991852384376,46.481570129248446,66.21697582911749,41.05316973415133,97.86255552652207,76.90619284034493,3.6109816351263166,100.0,16.174140020508997,1.196358099499705,2.6102358534539016,9.2445853143159,3.122960753239489,6.4,9689.0,8.46320569718237,51.57394984002477,7.204045825162556,32.758798637630306,1959.0,550883.0,3638.25,689916.5,4560.5,303867.0,2004.6100000000001,0.6605472268772237,99.91542148294333,1006.8861788186754,Saint-Michel,métro,0,3.822847188715782,0.5588955709590011
762040,École Saint-Albert-le-Grand,Saint-Albert-le-Grand,"5050, 18e Avenue",Centre de services scolaire de Montréal,-73.565787,45.554239,Rosemont-La Petite-Patrie,56,31208.0,14.82134273353629,25.85995085995086,60400.0,16.41888271806599,6.7991631799163175,21.30484053747774,79.7233523189585,66.92284045496464,46.88782489740082,15.193298128952343,92.49625138535758,1.5374903870802359,100.0,9.164316841835426,0.5126890540886953,2.210971545757498,4.571477398957532,1.8691788430317013,3.8,17250.0,1.7275362318840581,37.44347826086957,20.46376811594203,40.36521739130435,1959.0,864450.0,5697.6,793867.0,5241.15,451767.0,2983.9700000000003,0.6596578239138792,99.82211680996146,1112.9024087190378,Pie IX,métro,0,6.102103416795161,0.6132896456390764
762041,École Baril,Baril,"3603, rue Adam",Centre de services scolaire de Montréal,-73.541316,45.544222,Mercier-Hochelaga-Maisonneuve,42,24717.0,11.27956337174045,17.50555144337528,56800.0,18.571986034093243,10.876042908224075,15.9975419909873,85.37832310838446,76.48809523809523,57.02319587628865,54.31619786614937,95.61000295196727,1.791965044301493,100.0,23.951126754865072,1.1867675419077288,7.2824371889792445,10.249356043748566,5.2325659802295315,10.0,16047.0,1.5516919050289775,43.877360254253134,16.36442948837789,38.206518352340005,1927.0,684633.0,4563.085,806416.5,5457.665,374467.0,2541.16,0.6758136432926829,99.82419127988749,814.7005484269923,Joliette,métro,1,5.769233101894225,0.7321066220558404
762043,École Sainte-Bernadette-Soubirous,Sainte-Bernadette-Soubirous,"6855, 16e Avenue",Centre de services scolaire de Montréal,-73.5888,45.560485,Rosemont-La Petite-Patrie,44,28682.0,15.135135135135137,28.467946396233252,55600.0,20.821420843851424,12.898139388205612,33.7414476053295,63.97935575725218,69.63123644251627,44.83415935951201,61.321545613901385,95.48052739882631,2.702008228157032,100.0,13.818190270320526,1.2086558352509122,3.102991423192246,6.635985403156451,2.8705576087209166,6.4,15679.0,6.971107851266025,45.232476561005164,7.353785317941195,40.442630269787614,1955.0,629950.0,4165.57,758267.0,5005.79,395733.0,2644.96,0.659880592503023,99.733739064283,875.2317880055648,Saint-Michel,métro,1,10.946697594889171,1.1970869471345402
762044,École Saint-François-Solano,Saint-François-Solano,"3580, rue Dandurand",Centre de services scolaire de Montréal,-73.573464,45.554914,Rosemont-La Petite-Patrie,56,32251.0,15.029439107530212,25.666074600355238,59600.0,17.199936888608395,7.998971193415638,20.67663257277734,80.8046156245127,70.96392667060911,47.16323822163238,19.786467457772783,96.22516775195848,1.5461846144305602,100.0,10.521637571961593,0.6201358097423336,2.33584488336279,5.198805205006563,2.366851673849906,5.6,19407.0,2.117792549080229,47.17885299118875,12.763435873653837,37.939918586077184,1954.0,846033.0,5579.5,797217.0,5263.13,446700.0,2947.2799999999997,0.6601254111696796,99.74974238186368,1714.1241271021222,Pie IX,métro,0,8.90114585455041,0.865674726185844
762045,École Sainte-Bibiane,Sainte-Bibiane,"5755, 13e Avenue",Centre de services scolaire de Montréal,-73.577469,45.554023,Rosemont-La Petite-Patrie,61,34035.0,14.373807076787552,24.214009928295642,58800.0,17.288626159832386,7.969275084013443,19.104787312879797,81.19089834515366,71.17290748898678,47.10924107838554,18.157130817492277,96.43537160158566,1.5319817834582048,100.0,11.243327946721513,0.7345379756133392,2.585573674158954,5.406199500514177,2.5170167964350423,7.6,19949.0,2.616672514913028,54.684445335605794,8.621986064464386,34.07689608501679,1951.0,855567.0,5639.71,814667.0,5381.55,449466.5,2966.715,0.6600460529887436,99.73190348525469,1867.813698248494,Saint-Michel,métro,0,10.755020348074591,0.9911456688275191
762046,École Rose-des-Vents,Rose-des-Vents,"3000, rue Beaubien Est",Centre de services scolaire de Montréal,-73.587522,45.552493,Rosemont-La Petite-Patrie,55,31760.0,14.038401007239534,23.754448398576514,59200.0,16.258076923076924,7.380457380457381,18.222649983958934,82.02976567447752,68.01186943620178,45.72872788542544,8.850254223388552,96.87715269804822,1.5842254408060454,100.0,12.132661628883291,0.7556675062972292,3.27455919395466,5.877413937867338,2.225020990764064,8.4,17669.0,4.323957213198256,65.24987265832814,4.923877978380213,25.502292150093385,1947.0,864800.0,5701.535,888733.0,5865.99,445933.0,2939.1499999999996,0.6605599735664067,99.75581963210158,1185.0812694650058,D’Iberville,métro,0,9.463172400925231,0.9345623145433992
762048,École Saint-Émile,Saint-Émile,"3450, rue Davidson",Centre de services scolaire de Montréal,-73.557737,45.545986,Rosemont-La Petite-Patrie,52,32798.0,12.934716290420988,21.53316106804479,57600.0,16.583867924528302,6.6139468008626885,20.41679724224381,79.59725257571027,66.80972818311875,53.00411522633745,18.203914141414142,84.60227272727273,1.9015488749313982,100.0,11.992601174868385,0.8232209281053722,3.353863040429294,5.0511210033132095,2.7643962030205094,9.6,19421.0,1.7249369239483034,32.954018845579526,26.852376293702697,38.46866793676947,1959.0,709333.0,4759.5199999999995,820833.5,5468.575,457933.0,3027.38,0.6584142139632354,99.76966905079404,535.7199446210501,Joliette,métro,2,5.928839563852048,0.5669886207905785
762049,École Notre-Dame-de-l'Assomption,Notre-Dame-de-l'Assomption,"2430, rue Darling",Centre de services scolaire de Montréal,-73.552202,45.543799,Mercier-Hochelaga-Maisonneuve,53,32412.0,10.687847008019741,16.98166431593794,56800.0,18.22041500399042,8.936467302769374,18.67213373284971,81.1867088607595,71.64599774520856,55.77872900889035,33.42813318847063,88.04882725123026,1.945174626681476,100.0,16.34168414990333,1.0284256859599326,5.244970998395656,6.69505121559916,3.3732362499485786,10.2,20282.0,2.3271866679814615,40.98708214180061,18.366038852184204,38.319692338033725,1952.0,668533.5,4363.42,808667.0,5398.88,393617.0,2619.2650000000003,0.6528009643232403,99.89481987904286,279.9288809537248,Préfontaine,métro,2,4.93069561114842,0.4771493853044934
762051,École Saint-Antoine-Marie-Claret,Saint-Antoine-Marie-Claret,"10600, avenue Larose",Centre de services scolaire de Montréal,-73.649712,45.57961,Ahuntsic-Cartierville,34,20226.0,18.14814814814815,31.844456121912767,57200.0,19.028567845497868,14.513108614232209,36.221662468513856,63.481314271382,69.94708994708995,44.25302826379542,59.61803605167747,84.75208088648317,2.496835755957678,100.0,9.294966874320183,0.4614522561719239,2.0435742773328065,4.713405188041794,2.0765351527736575,2.6,11497.0,7.941202052709402,52.378881447334095,4.366356440810646,35.313560059145864,1962.0,530100.0,3687.45,694167.0,4683.2300000000005,310233.0,2145.73,0.6815295189276847,99.92167101827675,3142.2273174888137,Henri-Bourassa,métro,0,13.87859038456245,2.1522234609712863
762053,École Atelier,Atelier,"10055,rue Jean-Jacques-Gagnier",Centre de services scolaire de Montréal,-73.641067,45.577477,Ahuntsic-Cartierville,40,23650.0,19.298986486486484,37.75811209439528,60800.0,17.546704810341176,17.658730158730158,42.209991532599496,55.51080966511234,66.22353520433283,42.076626615279984,79.71247357293869,72.50317124735729,2.932093023255814,100.0,9.668780831571528,0.3664552501761804,1.508104298801973,5.736434108527131,2.057787174066244,4.4,11073.0,7.378307595051024,66.12480809175472,3.9013817393660255,22.59550257382823,1960.0,506083.0,3456.54,651000.0,4441.52,298466.5,2105.02,0.6826602457655264,99.85771875741048,3169.371908613989,Sauvé,métro,0,8.35824042320326,1.108500058478585
762054,École Sainte-Lucie,Sainte-Lucie,"8901, boulevard Saint-Michel",Centre de services scolaire de Montréal,-73.625349,45.570961,Villeray-Saint-Michel-Parc-Extension,30,17051.0,19.935502785107005,43.401983218916854,58800.0,20.311075300322297,29.17831190609279,48.557835266131434,43.61078546307151,67.97235023041475,39.69465648854962,100.0,56.28995366840655,3.9027036537446484,100.0,10.439270424022052,0.7037710398217113,1.5639356440482475,5.786561882978516,2.3850018571735774,7.0,7558.0,3.228367292934639,69.78036517597248,2.9108229690394283,24.080444562053454,1960.0,472233.0,3115.3199999999997,566800.0,3740.17,281816.5,1859.1399999999999,0.6598177224327739,99.8927805575411,2340.8681458957403,Saint-Michel,métro,0,23.881497327342068,4.393025300220075
762055,École Montcalm,Montcalm,"8800, 12e Avenue",Centre de services scolaire de Montréal,-73.62246,45.569899,Villeray-Saint-Michel-Parc-Extension,29,16052.0,20.08720024914357,43.506493506493506,58400.0,20.66443475552787,29.605650382577984,48.7155388471178,43.14641744548287,67.85425101214575,39.69899665551839,100.0,53.906055320209326,3.9938325442312483,100.0,11.75346789600465,0.7891020848907716,1.8896918348700058,6.229753301769249,2.8449206744746243,4.0,7289.0,3.512141583207573,70.46234051310194,1.8658252160790232,24.15969268761147,1960.0,462016.5,3047.925,563000.0,3716.3100000000004,271800.0,1793.0700000000002,0.6596989829917582,99.9245283018868,2087.2446910003723,Saint-Michel,métro,0,24.088912205696463,4.706954972444041
762056,École Sans-Frontières,Sans-Frontières,"5937, 9e Avenue",Centre de services scolaire de Montréal,-73.582464,45.552628,Rosemont-La Petite-Patrie,59,32971.0,14.173108988934363,23.831113629923493,59600.0,16.06346568174823,7.441285537700865,17.070924163340496,83.38667885992989,68.75706214689265,46.12908417833575,9.55010095911156,98.56764260474507,1.5663158533256498,100.0,10.888356434442388,0.7076926187659862,2.679122056756948,5.317804535298698,2.1837372236207577,9.2,18806.0,3.2968201637775176,61.46442624694246,7.736892481123046,27.501861108156973,1948.0,889567.0,5867.2,858100.0,5667.389999999999,443300.0,2921.79,0.6603913620955277,99.79076371244956,1578.7822903688489,Saint-Michel,métro,0,9.828324682125647,0.9349736722063918
762058,École Saint-Jean-de-la-Lande,Saint-Jean-de-la-Lande,"3120, avenue Laurier Est",Centre de services scolaire de Montréal,-73.570134,45.548119,Rosemont-La Petite-Patrie,58,35665.0,14.960740325294447,25.638956147430726,60400.0,15.396500072014978,6.499535747446611,19.381061038220192,82.59017324623686,66.07047517351842,49.21733895243829,17.29166025779063,87.31350170732458,1.628459273797841,100.0,9.392962287957381,0.6822748726576008,2.4393663255292304,4.336651245385299,1.9346698443852515,7.4,20845.0,1.5351403214200048,35.8695130726793,24.45670424562245,38.13864236027825,1960.0,863500.0,5703.86,802033.0,5292.56,472533.0,3114.795,0.6591700661867408,99.82813932172319,1430.3419247239756,Préfontaine,métro,0,7.763086670310586,0.6827224948195779
762059,École Marie-Rivier,"Marie-Rivier, pavillon Louvain","9200, 8e Avenue",Centre de services scolaire de Montréal,-73.631275,45.570709,Villeray-Saint-Michel-Parc-Extension,36,20816.0,20.043206913106097,42.35222425350396,60800.0,19.09256059515239,25.258892390814946,47.896128877133926,45.55928948631781,66.80902989627822,40.34500514933059,96.46906225980015,62.05322828593389,3.498847040737894,100.0,9.672047143223162,0.5284396617986165,1.2170125544452985,5.764796310530361,2.1617986164488854,7.0,8470.0,3.2703659976387254,71.72373081463991,3.2467532467532463,21.759149940968122,1960.0,478516.5,3149.8450000000003,577767.0,3810.87,283233.0,1889.3799999999999,0.6592705229229858,99.8431126451208,2730.9447146368416,Saint-Michel,métro,0,30.947276610384368,4.663126140411695
762061,École Saint-Bernardin,Saint-Bernardin,"2950, rue Jarry Est",Centre de services scolaire de Montréal,-73.610823,45.561313,Villeray-Saint-Michel-Parc-Extension,33,18590.0,16.236559139784944,32.94832826747721,54000.0,20.822380300957594,19.396551724137932,43.336015017430945,49.493844049247606,68.13842482100239,43.655975021288675,91.48235837616215,67.02662123924468,3.630446476600323,100.0,16.370808678500985,1.1296395911780528,2.9585798816568047,9.198493813878429,3.0840953917876996,9.8,9504.0,8.97516835016835,58.25968013468014,3.1144781144781146,29.650673400673398,1957.0,620366.5,4092.56,648400.0,4277.7,308700.0,2036.5,0.6597692673644147,99.91299303944315,865.4991479641922,Saint-Michel,métro,1,13.880679702424803,2.34198090201144
762063,École Saint-Mathieu,"Saint-Mathieu, annexe","7110, 8e Avenue",Centre de services scolaire de Montréal,-73.598259,45.556021,Villeray-Saint-Michel-Parc-Extension,54,30767.0,14.659515683406468,27.84391534391534,57200.0,18.565872102580965,11.816130851663846,31.11332007952286,66.25796959293771,67.57384666445402,43.16396018858041,44.75075654284859,87.04067041335506,2.2615139597620826,100.0,14.398543894432345,0.931734217397428,3.80277570123834,6.977172511673762,2.6868614641228157,11.0,16597.0,8.561788274989455,63.409049828282214,3.9464963547629086,24.082665541965415,1952.0,695150.0,4585.905,781100.0,5156.01,389633.0,2569.245,0.6601369606634002,99.93656834760546,435.1035084856741,Saint-Michel,métro,2,5.763036149711485,0.5875139706939072
762064,École Saint-Jean-de-Brébeuf,Saint-Jean-de-Brébeuf,"2870, rue Dandurand",Centre de services scolaire de Montréal,-73.577528,45.548596,Rosemont-La Petite-Patrie,56,32329.0,13.897047457103106,22.736304286119786,59200.0,16.053685368536854,6.293532338308458,16.124491710979044,84.56178383400433,70.09929078014184,49.440237076061905,7.858321268644152,96.25601831588162,1.6781836741006526,100.0,11.651046016476435,0.783610174559477,3.0210234361306156,5.392475280192191,2.453937125594152,8.0,19513.0,2.07553938400041,47.77840414082919,15.405114539025266,34.740941936145134,1953.0,879533.0,5800.41,838433.0,5535.12,474767.0,3136.88,0.6611701978660448,99.62850853054486,1972.5265295909612,Préfontaine,métro,0,6.439446174768003,0.6247528590250435
762065,École Saint-Marc,Saint-Marc,"6365, 1re Avenue",Centre de services scolaire de Montréal,-73.588593,45.549973,Rosemont-La Petite-Patrie,63,33213.0,13.636363636363635,22.4472807991121,59200.0,15.658426966292135,7.2814371257485035,15.929203539823009,83.69565217391305,69.04695748819117,47.07293666026872,10.682564056243038,98.63306536597115,1.6114473248426822,100.0,12.374672567970373,0.7326448479009223,3.663224239504612,5.800941398448399,2.1778620821164405,5.8,19357.0,4.339515420778013,64.19383168879476,6.3026295397014005,25.164023350725834,1945.0,885967.0,5839.41,894817.0,5908.9400000000005,445233.5,2938.5999999999995,0.6599551781080444,99.88432620011567,1139.4402428825535,D’Iberville,métro,0,3.868957145141002,0.36537415149426655
762068,École Saint-Anselme,Saint-Anselme,"2743, rue De Rouen",Centre de services scolaire de Montréal,-73.555014,45.53632,Ville-Marie,48,29375.0,10.53258465203335,15.907710989678204,57200.0,21.506772009029344,9.316770186335404,21.353538832443604,76.10756766074815,76.14428614731736,56.494438464298526,47.36025380185524,86.17193696334357,2.229821276595745,100.0,17.611347517730497,1.3276595744680852,5.548936170212766,7.114893617021277,3.6198581560283687,13.2,17978.0,2.458560462787852,37.56257648236734,15.813772388474803,44.16509066637001,1947.0,666533.0,4255.97,833200.0,5361.82,389500.0,2489.175,0.6364961295488922,99.77094240837697,414.24136027919343,Frontenac,métro,2,5.930313452455295,0.6332158538812985
762069,École Saints-Martyrs-Canadiens,"Saints-Martyrs-Canadiens, pavillon Sauriol","10000, rue Parthenais",Centre de services scolaire de Montréal,-73.646701,45.570844,Ahuntsic-Cartierville,38,22350.0,17.289197047640346,31.381733021077284,60800.0,17.330205278592377,11.42384105960265,37.126696832579185,62.000897263346786,68.88160973327095,42.39653512993263,49.575940952642924,85.3344335946454,2.445592841163311,100.0,10.58911260253542,0.5369127516778524,1.9388516032811336,6.114839671886652,1.9985085756897836,4.8,12313.0,5.222122959473727,62.60862503045561,5.8962072606188585,26.273044749451802,1962.0,627466.5,4083.45,735300.0,4793.15,375067.0,2439.06,0.6514236104435074,99.90931761505327,2323.8284021911277,Sauvé,métro,0,14.565993193110335,2.0441585665840343
762070,École Jean-Paul-Riopelle,"Jean-Paul-Riopelle, bâtiment Saint-Louis-de Gonzague","2175, rue Rachel Est",Centre de services scolaire de Montréal,-73.566822,45.533755,Le Plateau-Mont-Royal,59,32984.0,11.488329796908154,17.14207350521119,61200.0,17.816811145510837,4.386566141192598,20.239763350459285,76.99754148740013,73.96433470507544,59.31348625345697,13.554677542696917,90.20201376497579,1.6766310938636915,100.0,14.744522596814617,0.9398496240601504,4.577977201067184,6.457676449187485,2.7690193224997977,12.8,20877.0,1.939933898548642,40.187766441538535,17.392345643531158,40.47995401638166,1927.0,1088400.0,7012.460000000001,1019300.0,6564.82,467666.5,3024.8999999999996,0.6420741839440339,99.79705046678392,1142.7817327787593,Frontenac,métro,0,14.6589551003797,1.393964452251915
762071,"École Saint-Barthélemy, pavillon des Érables","Saint-Barthélémy, pavillon Sagard","7400, rue Sagard",Centre de services scolaire de Montréal,-73.607641,45.55252,Villeray-Saint-Michel-Parc-Extension,65,34317.0,14.150531372834473,26.90504103165299,56000.0,18.616491798433575,10.81081081081081,32.17749044960329,65.48581508158165,71.69536037350453,45.256489493201485,53.50524969513102,79.78644299693643,2.3581606783809774,100.0,12.996474050762014,0.767355343804334,3.2928286272110032,6.342823284863672,2.593466794883003,8.8,18520.0,7.386609071274298,55.529157667386606,3.41792656587473,33.666306695464364,1953.0,688833.0,4544.23,786833.0,5195.139999999999,394500.0,2602.53,0.6601498097815376,99.92151938471197,385.92093588047214,D’Iberville,métro,2,2.6673915600848392,0.24379762133867108
762074,École Jean-Baptiste-Meilleur,Jean-Baptiste-Meilleur,"2237, rue Fullum",Centre de services scolaire de Montréal,-73.5578,45.532324,Ville-Marie,50,30598.0,10.421430904933029,15.757222060110884,57200.0,21.56720133667502,8.202833706189411,22.38309202862373,73.86288727752142,75.57697925796086,57.22943722943723,43.678433498204484,81.98387424622264,2.1693574743447286,100.0,19.325881865917165,1.3944266509793668,6.481905135411901,7.549513040067978,3.9000370394579162,15.4,20278.0,1.7901173685767828,33.247854818029396,20.41128316402012,44.550744649373705,1943.0,657450.0,4109.68,874633.0,5525.320000000001,386367.0,2431.41,0.6329052890330802,99.67320261437908,445.8142124963537,Frontenac,métro,1,12.433789129639546,1.2745663940890863
762075,École La Visitation,La Visitation,"10591, rue Séguin",Centre de services scolaire de Montréal,-73.656358,45.570853,Ahuntsic-Cartierville,32,17946.0,16.17033119955469,28.742174160500856,60400.0,17.23590643274854,9.619450317124736,31.486880466472307,70.51099057950329,68.06818181818181,44.44789081885856,33.349177113659316,90.77297843265403,2.299843976373565,100.0,9.491437274787325,0.4643560310561314,2.1546119841004496,4.885025446710502,1.987443812920242,5.4,10244.0,7.8192112456071845,56.36470128855916,3.729012104646622,32.08707536118703,1960.0,742266.5,4845.18,794700.0,5167.93,343566.5,2234.21,0.6509356859811491,99.97089639115251,2039.5465488688674,Henri-Bourassa,métro,0,9.203504317595891,1.6085611041507164
762076,École Saint-Grégoire-le-Grand,Saint-Grégoire-le-Grand,"7950, rue Cartier",Centre de services scolaire de Montréal,-73.616826,45.552681,Villeray-Saint-Michel-Parc-Extension,51,28159.0,14.450354609929079,27.203757225433527,55600.0,17.647462848858282,10.050400237177588,32.844102380526216,65.37696619056229,71.31059245960503,47.087745839636916,62.547134935304996,75.32347504621072,2.6430626087574134,100.0,11.458740248825125,0.6510647868650637,2.6160966890396207,5.895095706523669,2.296483066396771,8.2,14518.0,6.543601046976168,45.21283923405427,6.543601046976168,41.699958671993386,1956.0,687867.0,4537.860000000001,784267.0,5173.82,419600.0,2738.2000000000003,0.6597002569226377,99.89460370994941,964.6937853068048,Fabre,métro,1,12.573446119112317,1.4005193169453063
762077,École Madeleine-de-Verchères,Madeleine-de-Verchères,"6017, rue Cartier",Centre de services scolaire de Montréal,-73.592013,45.542116,Rosemont-La Petite-Patrie,61,34017.0,12.80129335684891,20.155454301795768,62400.0,15.010979628520072,5.13668430335097,17.65232974910394,81.98198198198197,68.92036344200963,51.24549584834717,4.656495281770879,97.42775670988036,1.8248816768086544,100.0,12.052797130846342,0.6957305660895043,3.870613712751467,5.281672889045673,2.2047799629596967,12.4,20546.0,3.076024530322204,52.69638859145333,15.341185632239851,28.886401245984622,1940.0,933100.0,6146.330000000001,947067.0,6249.38,459016.5,3017.58,0.6593128997472576,99.88805970149254,1251.3299825519152,Rosemont,métro,0,6.5987734062803876,0.60844203683228
762079,École Saint-Pierre-Claver,Saint-Pierre-Claver,"2110, boulevard St-Joseph Est",Centre de services scolaire de Montréal,-73.576421,45.537454,Le Plateau-Mont-Royal,60,36761.0,13.022179888420194,19.88436400201106,67500.0,14.816930996104619,3.2372598162071844,19.06429471914834,81.31174533479692,68.51341188267736,58.470346447445685,7.669651622884004,87.63276113408503,1.7038709501917793,100.0,12.105220206196785,0.707271292946329,3.6814377555924307,5.331737439133864,2.3847737185241606,11.4,21412.0,2.1903605454885113,41.16383336446852,19.37698486829815,37.268821221744815,1927.0,1171133.0,7635.4400000000005,1081500.0,7057.64,515567.0,3373.94,0.6550585708608242,99.71307385229541,1399.0587637483213,Laurier,métro,0,7.2810663635017,0.621240382797158
762080,École Champlain,Champlain,"2260, rue Logan",Centre de services scolaire de Montréal,-73.550424,45.528814,Ville-Marie,34,22361.0,9.210820478426113,14.034401876465989,56000.0,22.76048903107861,9.459901800327332,24.278629395852118,72.931654676259,77.25856697819314,56.40726933830382,53.91790183312555,87.83765064413353,2.564777961629623,100.0,25.714413487768883,2.280756674567327,8.795074758135444,8.89942310272349,5.7391589523426205,12.2,14924.0,1.6483516483516485,27.633342267488608,22.601179308496384,48.11712677566336,1960.0,681733.5,4260.745,819033.0,5107.16,370567.0,2309.29,0.6232059088858819,99.70872018933188,502.15449880131274,Frontenac,métro,2,6.4937014243971705,0.9108630830798798
762081,École Élan,Élan,"3450, avenue de Lorimier",Centre de services scolaire de Montréal,-73.564095,45.53074,Le Plateau-Mont-Royal,59,34094.0,11.12740067438792,16.728822589238145,59200.0,19.437243445692882,5.815229317533465,21.377352853301463,75.14872099940511,73.05548181576852,58.71975019516004,21.20699206007263,88.2562934695636,1.7945972898457208,100.0,17.569073737314486,1.3101034395103732,5.641266302966309,7.039361764533349,3.5783422303044525,13.2,21000.0,1.7666666666666668,37.32380952380952,19.29047619047619,41.61904761904761,1928.0,975300.0,6198.705,995200.0,6353.450000000001,438867.0,2801.48,0.6420757931699808,99.81644158909138,965.8525250618327,Frontenac,métro,1,19.69788684424002,1.8121480978543572
762082,École Saint-Isaac-Jogues,Saint-Isaac-Jogues,"9355, avenue de Galinée",Centre de services scolaire de Montréal,-73.642971,45.559405,Ahuntsic-Cartierville,27,15658.0,17.087192590226767,32.7538247566064,72500.0,13.09556270096463,8.806995627732666,28.373930217248187,70.00642260757868,58.4733893557423,38.97774687065368,39.890151998978155,75.90369140375527,2.5676331587686807,100.0,11.027376846766296,0.5322093072763656,2.1288372291054625,6.024609358368459,2.3417209520160087,2.8,7520.0,12.35372340425532,44.44148936170213,14.454787234042554,28.749999999999996,1971.0,758117.0,4930.035,816266.5,5316.415000000001,422466.5,2747.31,0.6514896989240809,99.90944763054634,1403.0035065321738,Sauvé,métro,0,19.687648784506443,3.9437517612366184
762084,École Saint-Gabriel-Lalemant,Saint-Gabriel-Lalemant,"7350, rue Garnier",Centre de services scolaire de Montréal,-73.611574,45.54703,Villeray-Saint-Michel-Parc-Extension,73,37843.0,13.538502179368644,23.737888832228453,57200.0,17.75097015923993,7.947855340622372,27.064769251230214,70.59997339364108,73.1286475513829,49.07692307692308,36.697691935223546,84.14752246193576,2.162249293132151,100.0,14.87725603149856,1.215548450175726,3.990169912533361,6.808832985404611,2.862704683384862,8.4,21810.0,4.988537368179734,51.04080696928015,7.129756992205411,36.84089867033471,1952.0,730400.0,4835.93,853933.5,5634.43,440050.0,2902.7799999999997,0.6599000219054602,99.9041095890411,296.18281320920306,Fabre,métro,3,5.358678015374363,0.4441443183797363
762085,École Garneau,Garneau,"1808, avenue Papineau",Centre de services scolaire de Montréal,-73.557629,45.524548,Ville-Marie,54,33816.0,8.293908929627438,12.529002320185615,57600.0,23.034312233718808,7.182442917313233,24.046434494195687,69.75878499106611,75.53273427471116,59.41690053009042,27.71200773133607,90.56837400338246,2.3033770995978236,100.0,27.373629839917985,2.3164576926109923,8.181531424966487,10.162842047157165,6.712798675183345,16.8,21822.0,1.315186509027587,24.269086243240768,27.256896709742463,47.15883053798918,1962.0,807267.0,5049.43,960000.0,6028.54,395033.0,2470.0,0.6279226568594672,99.71068163407013,435.9073377919772,Papineau,métro,2,13.300368107685912,1.2336541729319872
762086,École Saint-Ambroise,Saint-Ambroise,"6555, rue de Normanville",Centre de services scolaire de Montréal,-73.601346,45.540253,Rosemont-La Petite-Patrie,69,37222.0,12.432795698924732,19.940476190476193,62000.0,15.659947787853806,5.25030525030525,20.28965517241379,78.07754880694144,70.84468664850137,51.79991325719242,6.377041556096627,94.83763302601702,1.9087367685777228,100.0,16.352336431859293,1.5671735353643903,4.7642075475077466,6.519441907115863,3.501513441871295,12.2,21875.0,3.533714285714286,53.289142857142856,11.620571428571429,31.556571428571427,1935.0,974433.0,6444.465,944500.0,6236.400000000001,463016.5,3054.3849999999998,0.6603681091234247,99.8242310106717,630.9607164963758,Beaubien,métro,3,6.007089586147245,0.5061933204557678
762087,École Paul-Bruchési,Paul-Bruchési,"1310, boulevard St-Joseph Est",Centre de services scolaire de Montréal,-73.581843,45.532144,Le Plateau-Mont-Royal,66,38646.0,11.936820300362507,17.98830409356725,70000.0,15.455970734256598,2.53671562082777,21.37275332117739,77.99192603203542,67.11848562748305,57.85034013605442,2.221581073283324,95.36799034779415,1.6979506287843502,100.0,15.939553899498007,1.0522865669582018,4.433404060791113,7.029619279269955,3.424243992478739,7.4,24392.0,3.5831420137750083,38.82010495244342,21.67103968514267,35.9257133486389,1925.0,1210983.5,7890.89,1123200.0,7321.18,509567.0,3326.4700000000003,0.6520134134042492,99.91014376996804,681.554334287406,Laurier,métro,2,8.40847722653515,0.6824405256088347
762089,École Lanaudière,Lanaudière,"4300, rue de Lanaudière",Centre de services scolaire de Montréal,-73.574504,45.528733,Le Plateau-Mont-Royal,72,38086.0,12.063533735888685,18.739311018812607,71000.0,16.657714895888947,2.6464646464646466,21.653957402051013,75.53966362071249,67.40237691001698,57.258618321659114,5.387850716073045,89.33876377575467,1.6370057238880429,100.0,20.156137863431884,1.304066236062245,4.813667314323724,9.92490678989655,4.113497523149363,13.0,24199.0,4.223315013017067,41.96454398942105,18.633001363692713,35.17913963386917,1915.0,1177183.5,7667.68,1131933.0,7379.13,525183.0,3418.06,0.6508153481327599,99.86463973344439,722.7862949347938,Mont-Royal,métro,1,14.521168670268016,1.1958816802418906
762090,École Le Plateau,Le Plateau,"3700, avenue Calixa-Lavallée",Centre de services scolaire de Montréal,-73.567745,45.52498,Le Plateau-Mont-Royal,69,40853.0,10.36085626911315,16.14490161001789,60000.0,19.94252655538695,4.493950451315537,23.851478917558214,70.34013605442176,71.56535292807837,57.56027253668763,10.388004328335136,90.8692739733086,1.9072283553227425,100.0,20.838942876492137,0.7914555438605081,5.4830734584975405,10.076779347089975,4.487634527044118,10.6,24231.0,3.1282241756427713,31.047005901531094,22.722958194048946,43.101811728777186,1926.0,1123983.0,7231.87,1120566.5,7180.120000000001,475867.0,3057.56,0.644647900606266,99.88441735841126,696.0834851761927,Sherbrooke,métro,1,16.75972626582816,1.286752358971117
762091,École Marguerite-Bourgeoys,Marguerite-Bourgeoys,"2070, rue Plessis",Centre de services scolaire de Montréal,-73.562043,45.523675,Ville-Marie,57,34168.0,8.280907095830285,12.881703874775468,56000.0,22.663762855414397,5.653065876453157,24.20640890627351,69.45181255526083,75.09578544061303,58.71017871017871,22.325339214064748,91.8894912554749,2.148179583235776,100.0,32.02801841879341,2.6828221337703897,8.653320846015765,12.770233356747053,7.921642082260205,18.0,23598.0,1.3941859479616916,24.120688193914738,24.02745995423341,50.45766590389016,1962.0,971483.5,6107.635,1070000.0,6797.09,428200.0,2691.12,0.6365698866833244,99.77785572313807,595.8079617264239,Beaudry,métro,4,17.135624513706187,1.573013263961243
762092,École Louis-Colin,Louis-Colin,"10122, boulevard Olympia",Centre de services scolaire de Montréal,-73.654837,45.560791,Ahuntsic-Cartierville,36,20773.0,16.750902527075812,30.23598820058997,65000.0,14.893255701115963,7.725321888412018,25.99234815877571,75.11432009626957,62.43878550440745,42.70543615676359,22.81083218027278,87.58647954141135,1.6872382419486833,100.0,9.74020764132929,0.7060447054670326,2.4551099985558174,4.50905823264173,2.0699947046647087,7.0,11065.0,11.125169453230908,47.925892453682785,9.633981021238139,31.31495707184817,1959.0,800850.0,5216.925,854767.0,5563.2,389667.0,2534.0,0.6509188056111497,99.95573262505533,1084.796721265351,Sauvé,métro,0,6.122855573508361,0.9244997548220605
762094,École Marie-Favery,Marie-Favery,"7750, avenue Christophe-Colomb",Centre de services scolaire de Montréal,-73.620453,45.546057,Villeray-Saint-Michel-Parc-Extension,79,40933.0,13.671875,23.79482308240323,62400.0,15.864436183395291,6.927073311525881,25.558710951969378,72.53059710718259,72.29519942679723,48.76269861943214,35.97077139413419,84.0297308155886,2.2098062687806905,100.0,11.23787652993917,0.9202029332486421,2.7524654109561153,5.08961799363187,2.4755901921025414,9.0,22182.0,3.8995582003426206,51.24876025606348,7.7089532053015954,37.14272833829231,1949.0,756400.0,5017.2300000000005,876567.0,5785.78,440067.0,2906.19,0.6604879406331662,99.848401323043,710.065493084996,Jarry,métro,3,4.355623058318859,0.3337557210308861
762095,École Saint-Arsène,Saint-Arsène,"6972, avenue Christophe-Colomb",Centre de services scolaire de Montréal,-73.610278,45.54136,Rosemont-La Petite-Patrie,82,40561.0,12.52465483234714,20.996769727734193,61200.0,16.324531601299025,5.669232213253238,23.910614525139664,73.74751984126983,74.74120082815735,50.93208186677095,20.75102777499248,88.1379725258197,1.9657059737185967,100.0,14.726790102150671,1.3477642727414674,3.9446759202189297,6.204646499511024,3.2297034096792485,15.8,23794.0,2.9461208708077664,51.91644952509036,10.523661427250568,34.61376817685131,1944.0,979050.0,6455.860000000001,939783.5,6207.295,483900.0,3192.94,0.6610030805364767,99.84173362551742,344.7472966122357,Jean-Talon,métro,3,3.1055452350036155,0.24014923742444305
762096,École Saint-Étienne,Saint-Étienne,"5959, avenue Christophe-Colomb",Centre de services scolaire de Montréal,-73.596473,45.536086,Rosemont-La Petite-Patrie,60,35973.0,12.202918693537178,18.622575832918944,64000.0,15.857986160146872,3.8390474235269965,20.590729225551158,78.00783435926132,68.75,54.19440745672437,5.7443915703603,94.80795377294358,1.9706446501542825,100.0,12.305525440376579,0.7320305043597513,3.8732753268655196,5.013019023526905,2.6872005856244034,10.6,21366.0,2.7988392773565476,40.97163718056726,20.420293924927453,35.809229617148745,1942.0,1008533.5,6668.775,949250.0,6272.209999999999,465633.0,3056.555,0.6571654513760619,99.906191369606,514.5276704103168,Rosemont,métro,2,9.90360928331401,0.8635129332703879
762097,École Arc-en-Ciel,Arc-en-Ciel,"4265, avenue Laval",Centre de services scolaire de Montréal,-73.580669,45.520921,Le Plateau-Mont-Royal,73,40169.0,9.904193106880676,16.832369942196532,61200.0,21.17026060296372,3.6045106725735,25.185464604551743,60.284218399401645,68.54036548693038,57.96252927400468,10.277324632952691,85.79244572719287,2.4131793173840523,100.0,26.322122366335563,1.3360219738272465,5.916668741234949,13.567676566506512,5.5017550847668595,22.2,23329.0,4.993784559989713,35.86951862488748,20.600968751339536,38.535728063783274,1914.0,1142500.0,7438.8150000000005,1149300.0,7483.860000000001,551333.5,3597.54,0.6536762809636919,99.86599319657768,415.7610123229348,Mont-Royal,métro,2,14.53787183573553,1.1351723956814241
762098,École Louis-Hippolyte-Lafontaine,Louis-Hippolyte-Lafontaine,"4245, rue Berri",Centre de services scolaire de Montréal,-73.577915,45.52336,Le Plateau-Mont-Royal,75,41833.0,10.433847257081391,16.94690265486726,62800.0,20.2520749665328,3.105232892466935,24.268440145102783,65.38645608997368,68.84377758164166,57.767476822851414,7.774635525866692,86.7570334974889,2.207348265723233,100.0,24.406568976645232,1.2111650292034197,5.282910620801759,12.78097833448872,5.131514992151332,21.6,24568.0,5.014653207424292,36.730706610224686,19.62715727775969,38.62748290459134,1915.0,1157466.5,7536.26,1128767.0,7355.26,544467.0,3550.2400000000002,0.6519717069994225,99.89008792965627,322.3755329732223,Mont-Royal,métro,3,12.862287427792326,0.9643866855499365
762100,École Saint-Paul-de-la-Croix,Saint-Paul-de-la-Croix,"10495, avenue Georges-Baril",Centre de services scolaire de Montréal,-73.661313,45.559459,Ahuntsic-Cartierville,30,17481.0,15.608919382504288,29.75696502667457,68500.0,14.135344572611654,7.069143446852426,22.929936305732486,78.8450206246317,61.36631330977621,42.40293488229899,9.012510627960646,83.56006316045183,1.2168068188318746,100.0,11.154968251244208,1.296645882195908,2.9937265221287874,4.347577369715691,2.5170184772038215,7.0,9719.0,11.832493054841033,49.80965119868299,11.544397571766643,26.813458174709332,1956.0,844233.0,5494.16,874133.0,5689.469999999999,374800.0,2440.15,0.6514077855775366,99.39814814814815,771.7794885249232,Henri-Bourassa,métro,1,9.45486812646783,1.6964505663511196
762101,École Fernand-Seguin,"Fernand-Seguin, pavillon Hubert-Reeves","10050, avenue Durham",Centre de services scolaire de Montréal,-73.657353,45.554473,Ahuntsic-Cartierville,29,17941.0,15.54317548746518,28.555368184373243,70500.0,13.623725934314836,6.628787878787879,22.857932559425095,76.81281618887014,63.930764935790066,44.236941931718704,2.5193690429741933,85.88150047377515,0.9133827545844713,100.0,13.562974936365494,1.3934563290786466,3.288556936625606,5.778198911246122,3.10276275941512,8.4,11506.0,8.795411089866157,50.9647140622284,10.985572744654963,29.254302103250478,1956.0,803800.0,5241.62,867067.0,5644.6,389333.0,2531.83,0.6506146418231052,99.36075005327083,380.6058558399255,Sauvé,métro,2,8.795139269023549,1.5376166767960229
762102,École Christ-Roi,Christ-Roi,"525, rue de Louvain Est",Centre de services scolaire de Montréal,-73.651516,45.550045,Ahuntsic-Cartierville,28,17539.0,14.75783475783476,26.993166287015946,64500.0,14.739092747760763,7.673627974745021,25.982658959537574,71.51880562733275,66.62863662293212,46.35781773849436,12.725925081247505,96.8755345230629,0.9860311306231826,100.0,13.493737765361004,0.9502632229127469,2.8317844042799853,6.7088583537639925,3.00283178440428,4.6,10673.0,6.642930759861332,54.979855710671785,11.177738217933102,27.199475311533778,1957.0,733633.0,4796.18,852767.0,5552.6900000000005,380417.0,2473.8500000000004,0.6504778519782295,99.85751602944669,406.87396318067414,Sauvé,métro,1,6.6224216596477925,1.1843062124595045
762103,École Laurier,Laurier,"505, avenue Laurier Est",Centre de services scolaire de Montréal,-73.588674,45.528418,Le Plateau-Mont-Royal,64,39787.0,11.495409382467614,18.342516069788797,70000.0,16.96169724770642,3.2662362324344856,23.26081457121174,70.76457992190453,65.76473285943591,56.82685977616854,6.40346653827636,91.10305856118389,1.9846683590117375,100.0,18.30581178106752,1.2231801007029097,4.666515863640552,8.537126867234692,3.8789889494893646,15.0,24527.0,3.9344395971786197,33.31430668243161,24.85831940310678,37.89293431728299,1928.0,1197067.0,7795.405000000001,1138800.0,7429.7,506900.0,3314.4749999999995,0.6532332709504314,99.89631444999529,44.0536224313887,Laurier,métro,3,6.498335987112615,0.5122865742940825
762104,École Saint-Gérard,Saint-Gérard,"505, rue de Liège Est",Centre de services scolaire de Montréal,-73.635082,45.545293,Villeray-Saint-Michel-Parc-Extension,50,28214.0,13.513992206872121,23.638869745003447,70000.0,12.737481988472622,5.311713726586524,21.864951768488748,75.06669037880135,64.71606648199446,46.76056338028169,19.196476915857488,91.5207739234018,1.751435457574254,100.0,12.334302119515135,0.8151981285886439,2.9890598048250276,5.635500106330191,2.894544079771272,7.4,16052.0,3.56964864191378,60.4535260403688,12.334911537503116,23.641913780214306,1947.0,836916.5,5513.105,857000.0,5648.07,422100.0,2759.43,0.6563881756534334,99.9369284137496,308.11480939279534,Crémazie,métro,2,4.617402660100067,0.5133163445020145
762105,École La Mennais,La Mennais,"6521, rue Saint-Denis",Centre de services scolaire de Montréal,-73.605612,45.534808,Rosemont-La Petite-Patrie,60,31888.0,11.735174144963915,18.636363636363637,64000.0,15.987768069896743,4.55067800505631,21.031808830511157,74.05652929101532,72.63427109974424,53.51458885941645,7.437778276049841,89.25013613504596,2.0583291520321123,100.0,16.735658136812173,1.5888944639571834,5.080280983442047,6.386937614985784,3.679545074427162,11.2,20583.0,2.978185881552738,46.77646601564398,15.245591021716951,34.99975708108634,1926.0,1080967.0,7150.35,974233.5,6435.785,492033.0,3238.91,0.6632304551076229,99.84429739198131,65.2716720586997,Beaubien,métro,3,4.671526696426646,0.4594979305137426
762106,École Hélène-Boullé,Hélène-Boullé,"8050, avenue de Gaspé",Centre de services scolaire de Montréal,-73.629502,45.540127,Villeray-Saint-Michel-Parc-Extension,57,31958.0,13.483497575473175,22.69865067466267,70500.0,13.898716323296355,5.890839144025007,21.120075937351686,73.9956057752668,66.3954189270645,49.242298084929224,21.493306197729513,83.35930295417687,2.0857688215783217,100.0,11.087468969689384,0.6466821035943009,2.847487327116841,5.194317541773578,2.3989819972046647,8.0,18282.0,3.309265944645006,56.73339897166612,14.445903074061919,25.511432009626954,1937.0,942100.0,6215.04,882200.0,5828.645,480633.0,3170.74,0.66048630260463,99.91790942673417,351.186585179052,Jarry,métro,3,12.764289275057589,1.2527633850232822
762107,École Sainte-Cécile,Sainte-Cécile,"7230, avenue de Gaspé",Centre de services scolaire de Montréal,-73.61782,45.536806,Villeray-Saint-Michel-Parc-Extension,65,35960.0,11.687769583971058,19.65811965811966,66500.0,16.255746964134424,5.826472450918303,23.142130545351794,69.53660926781464,68.41831425598335,52.385892116182575,17.147201765109276,88.23757416738722,2.189543937708565,100.0,14.57174638487208,1.4460511679644048,4.245457916203188,5.719317760474602,3.160919540229885,17.8,20718.0,3.1373684718602184,47.157061492422045,20.30601409402452,29.39955594169321,1931.0,1009900.0,6678.44,969050.0,6400.125,476267.0,3148.52,0.6613307902691808,99.86232216613125,247.593845144848,De Castelnau,métro,3,9.202642008015133,0.8026844521489112
762110,École La Petite-Patrie,"La Petite-Patrie, pav. Notre-Dame-de-la-Défense","6841, avenue Henri-Julien",Centre de services scolaire de Montréal,-73.611219,45.535447,Rosemont-La Petite-Patrie,61,34519.0,11.402492031295276,18.44121532364597,66500.0,15.10628125919388,4.860963701974104,21.66176470588235,72.28213348877878,68.8260179799048,54.59584295612009,8.905516881842436,89.88929436658591,2.2056548567455603,100.0,15.875315043888873,1.4581341676564596,4.818602315632936,6.276736483289396,3.3218420773100803,16.8,20678.0,3.0563884321501114,46.576071186768544,20.340458458264823,30.027081922816517,1928.0,1055050.0,7017.3,975866.5,6466.3150000000005,497983.5,3296.73,0.6606483145259829,99.8736793752871,449.52263868609356,Jean-Talon,métro,3,2.797856130542254,0.25422554022471994
762111,École Saint-Enfant-Jésus,Saint-Enfant-Jésus,"75, rue Villeneuve Est",Centre de services scolaire de Montréal,-73.589408,45.522541,Le Plateau-Mont-Royal,69,40499.0,11.655759970366713,18.644465290806757,69500.0,18.160012539184955,3.4988940277498495,24.267262791852957,59.446776981970864,67.4812030075188,54.74282760403205,7.372744243932794,80.84878655880523,2.184597150546927,100.0,18.617743647991308,1.135830514333687,4.20586516539503,9.399409038906311,3.87663892935628,23.2,23738.0,4.5875810936051895,32.239447299688266,22.984244670991657,40.18872693571488,1925.0,1281633.0,8340.79,1174650.0,7651.514999999999,535083.5,3483.285,0.6502068867790846,99.82032341784787,620.8306918881133,Laurier,métro,2,10.109461957080027,0.7829531011064796
762114,"École au Pied-de-la-Montagne, pavillon Jean-Jacques-Olier","Au Pied-de-la-Montagne, pav. Jean-Jacques-Olier","311, avenue des Pins Est",Centre de services scolaire de Montréal,-73.572915,45.518248,Le Plateau-Mont-Royal,71,41264.0,8.189968500121154,13.931753966529016,55600.0,26.0719696010133,4.376823676531888,26.637279596977333,55.934699889529895,75.94001304064334,59.11451571020514,11.301870813765493,90.45089434649832,2.531577161690578,100.0,32.99082331653096,1.5671448881995607,7.45605531859894,16.988173710740597,6.979449398991857,12.4,26508.0,3.342387203862985,25.392334389618227,20.68809416025351,50.57718424626528,1952.0,1081400.0,7040.98,1111883.5,7177.735000000001,507433.0,3280.88,0.6475071448797478,99.89354907387694,383.4716949199671,Sherbrooke,métro,3,12.341408201106129,0.9380919267252604
762115,École Lambert-Closse,Lambert-Closse,"5840, rue Saint-Urbain",Centre de services scolaire de Montréal,-73.604199,45.526096,Le Plateau-Mont-Royal,60,35271.0,19.74468085106383,26.0,69000.0,14.261122302158274,5.805478763508419,22.236559139784944,49.57374254049446,64.4704433497537,45.77757268112598,10.281283085815664,58.969296363064075,1.9083099430126733,100.0,11.728237551151562,0.3685747497944487,3.0809068828971866,5.538071881526845,2.74068403693308,13.8,18893.0,4.795426877679564,33.440956968189276,24.379399777695443,37.38421637643572,1922.0,1585183.5,10133.560000000001,1171167.0,7658.889999999999,580967.0,3759.32,0.6470772133135696,99.78504896106998,804.5724325321264,Rosemont,métro,1,5.345782463491669,0.47538504484284366
762117,École Ahuntsic,"Ahuntsic, bâtiment Saint-Laurent","10615, boulevard Saint-Laurent",Centre de services scolaire de Montréal,-73.669831,45.550324,Ahuntsic-Cartierville,30,16571.0,15.514639299728342,29.245283018867923,71500.0,14.259467918622848,6.163242642976124,24.75,77.34789391575663,61.49029430181591,42.40026376524893,3.2720493700179993,69.15016713808177,1.0106813107235533,100.0,10.942811739384064,1.0862349888359182,2.7155874720897955,4.686902822199425,2.454086456258926,4.0,9353.0,12.541430557040522,45.290281193200045,11.782315834491607,30.38597241526783,1956.0,900183.0,5856.495,912750.0,5936.155000000001,419600.0,2728.66,0.6517610294117647,99.3339911198816,481.52218322954604,Henri-Bourassa,métro,1,9.277297402962716,1.7560010358824933
762119,École Saint-André-Apôtre,Saint-André-Apôtre,"215, rue Prieur Ouest",Centre de services scolaire de Montréal,-73.67038,45.546436,Ahuntsic-Cartierville,34,18997.0,16.63157894736842,31.15406480955088,71000.0,15.708273181565797,7.2189922480620154,30.333698030634576,70.27322404371584,63.49658314350797,45.417633410672856,16.452129716590242,71.01265123473841,1.7221666578933517,100.0,8.825954975346985,0.5439455352599534,2.1406888807004614,4.141004720043515,2.0003158393430542,4.6,9638.0,12.35733554679394,43.0275990869475,10.904752023241336,33.710313343017226,1958.0,876100.0,5698.26,902767.0,5873.51,413816.5,2691.05,0.6509662002569168,99.32058379466532,912.799408113101,Henri-Bourassa,métro,1,3.9989838212191904,0.660262497666096
762120,École Saint-Simon-Apôtre,Saint-Simon-Apôtre,"195, rue de Beauharnois Ouest",Centre de services scolaire de Montréal,-73.647493,45.539488,Ahuntsic-Cartierville,29,18201.0,15.618995333516333,31.965174129353237,60800.0,20.834683049427536,17.804154302670625,39.59276018099548,38.96068188067088,70.76244486452426,44.871794871794876,71.28179770342288,51.65100818636339,3.071259820888962,100.0,17.398311448088933,1.4101789278977346,2.9485559401498085,8.937237880702526,4.102338699338865,5.0,8508.0,2.174424071462153,64.0691114245416,6.0413728255759285,27.71509167842031,1957.0,745567.0,4848.42,770033.0,5043.94,394100.0,2562.84,0.655287231146202,99.8974358974359,1001.9688021396584,Crémazie,métro,0,5.192174254663662,0.8947588770461504
762121,École Saint-Benoît,Saint-Benoît,"500, avenue du Mont-Cassin",Centre de services scolaire de Montréal,-73.66737,45.541558,Ahuntsic-Cartierville,30,19559.0,17.582417582417584,33.46260387811634,68000.0,18.516381544841888,10.144927536231885,43.480506067647816,53.50922131147541,64.1914191419142,44.70071389346513,51.34505401398008,55.581444609192964,2.8624162789508665,100.0,10.34476881912845,0.23859433849719655,2.385943384971965,5.692179218433116,2.02805187722617,2.8,11170.0,8.02148612354521,30.62667860340197,21.226499552372427,40.1253357206804,1969.0,818667.0,5329.860000000001,918533.0,5986.66,329067.0,2139.92,0.6502986279257464,99.97827503801868,1358.0297665278617,Sauvé,métro,0,3.080082569183786,0.4939326311739033
762122,École Barclay,Barclay,"7941, avenue Wiseman",Centre de services scolaire de Montréal,-73.635186,45.528994,Villeray-Saint-Michel-Parc-Extension,49,27226.0,16.44942170001836,35.029266096353,49200.0,27.638863343755748,24.61851475076297,43.2681667281446,18.69141701893034,75.68662764520487,43.63459669582119,90.97553808859179,20.021303166091236,3.6253390777086327,92.07375303019172,11.753470946889003,0.7345919341805627,2.8526653444011854,5.974681064668576,2.1915326036386786,10.2,12668.0,10.151562993369119,40.67729712661825,1.4603725923586992,47.71076728765393,1956.0,582967.0,3845.835,691116.5,4559.955,368433.0,2430.54,0.6597354119613908,74.9934878874707,847.8764042986013,Parc,métro,1,9.7045110996998,1.1180000602824531
762127,École FACE,"FACE, primaire","4835, avenue Christophe-Colomb",Centre de services scolaire de Montréal,-73.583171,45.530137,Le Plateau-Mont-Royal,70,42355.0,11.826559546313801,18.123530668946355,69500.0,16.3801761066159,2.599683822237836,22.165620187181613,75.33823878471398,66.27459366980325,57.730812013348164,2.5887414844030117,95.77865423688299,1.883295950891276,100.0,16.416794553968444,1.0152284263959392,4.092393656789833,7.8385078503128325,3.4706646204698384,8.2,25780.0,4.057408844065167,34.92629945694337,24.666408068269977,36.34988363072149,1926.0,1184500.0,7716.19,1117100.0,7277.13,511033.5,3341.215,0.6520379512496144,99.91061851984269,466.5637227319338,Laurier,métro,2,7.759196878728039,0.5745979756303499
762128,École Barthélemy-Vimont,Barthélemy-Vimont,"415, rue Saint-Roch",Centre de services scolaire de Montréal,-73.628728,45.531487,Villeray-Saint-Michel-Parc-Extension,56,32401.0,14.39370564640543,27.60818517276082,53200.0,24.267082878102077,18.225039619651348,37.53702260327358,33.62229102167183,69.45746818486269,46.0657614919025,71.06594016117981,42.357010016640025,3.0618049682047426,98.5247368908367,13.31234632675946,0.8847463555651575,3.2715039659269776,6.440130448648704,2.715965556618623,5.6,16469.0,5.015483635922036,40.706782439735264,15.447203837512902,38.8305300868298,1954.0,628450.0,4145.885,749033.5,4942.360000000001,455500.0,3019.6800000000003,0.6604367229837425,94.4794952681388,349.4748804079653,Parc,métro,3,12.976674481112704,1.2561948321360614
762129,École De la Petite-Bourgogne,De la Petite-Bourgogne,"555, rue des Seigneurs",Centre de services scolaire de Montréal,-73.569959,45.488701,Le Sud-Ouest,36,37220.0,10.167897918065815,18.277465133349647,58400.0,28.27467787114846,5.3509532062391685,33.39305402425579,35.172319847432234,64.34446057087567,66.2109656065621,16.092982962749062,97.64654923476755,2.8605588393336916,100.0,19.281748164069494,1.3164965072541643,5.006269030986925,9.018448862618664,3.9405337632097432,9.8,31455.0,2.006040375139088,3.916706405976792,62.254013670322685,31.82323954856144,2014.0,1051367.0,6705.52,1106867.0,7154.219999999999,469867.0,2985.85,0.6356567576855947,99.8566102667049,508.92997675317156,Georges-Vanier,métro,2,5.105567693450221,0.43024880822868317
762130,École Charles-Lemoyne,Charles-Lemoyne,"2001, rue Mullins",Centre de services scolaire de Montréal,-73.561809,45.481041,Le Sud-Ouest,29,20373.0,14.425907752698725,24.880611270296086,69000.0,19.108049689440993,10.728971962616821,23.653566229985444,51.237011380504704,61.687087653157405,51.158599382080325,43.64109360428017,87.69449761939822,1.7371521130908556,100.0,14.627202670200756,0.7362685907819172,4.384888496212307,7.051816947266808,2.454228635939724,4.2,13982.0,6.000572164211128,15.090831068516664,45.22242883707624,33.686167930195964,1990.0,904067.0,5938.38,850633.0,5569.3,505900.0,3314.4900000000002,0.6553669259384511,99.92750996737948,667.5950180363245,Charlevoix,métro,1,7.283133698735998,1.1212831693523249
762131,École Jeanne-LeBer,Jeanne-LeBer,"2120, rue Favard",Centre de services scolaire de Montréal,-73.55626,45.47727,Le Sud-Ouest,20,11325.0,16.548984995586938,28.456735057983945,66500.0,19.00891352549889,11.997226074895979,21.11111111111111,51.88637372392366,64.87455197132617,47.98673614400758,62.437086092715234,83.6467991169978,1.4949227373068432,100.0,17.130242825607066,1.1184694628403238,5.062545989698307,7.770419426048565,3.1788079470198674,2.4,7287.0,10.37463976945245,26.348291477974474,20.008233841086867,43.26883491148621,1929.0,870800.0,5692.2,844233.0,5516.24,421200.0,2749.85,0.6532532591270226,99.9688376441259,1030.757306218755,Charlevoix,métro,0,5.772463108018306,1.5987293993984235
762132,École François-de-Laval,"François-de-Laval, annexe","12020, av. du Bois-de-Boulogne",Centre de services scolaire de Montréal,-73.695445,45.542872,Ahuntsic-Cartierville,20,11252.0,16.341030195381883,35.19837232960326,62000.0,17.15915684496827,10.123239436619718,46.899049343594385,45.33091568449682,59.07258064516129,37.11832061068702,57.585353785254824,66.17516081147946,3.16414859580519,100.0,12.679227396610973,1.0368527076667853,2.577319587628866,6.843227870600782,2.2218272307145397,4.2,5525.0,18.76923076923077,52.633484162895925,4.48868778280543,24.108597285067873,1963.0,704283.5,4579.955,836633.0,5440.62,391433.0,2545.48,0.6502998400852879,99.95766299745978,1600.2461251564346,Du Ruisseau,REM,0,9.082438614914787,2.5317729406405483
762134,École Félix-Leclerc,Félix-Leclerc - Transitoire,"35, rue Saint-Zotique Est",Centre de services scolaire de Montréal,-73.612047,45.532396,Rosemont-La Petite-Patrie,52,32558.0,13.625192012288787,19.723285251692673,64500.0,16.562845109967245,6.052694042250177,23.600439077936333,61.786984077910034,68.51906591782442,53.75062096373572,16.170712607674236,83.72813886713651,2.450887646661343,100.0,16.18649794213404,1.668816675880992,4.842639801789626,5.927882548068063,3.747158916395356,8.8,18697.0,2.866770070064716,40.113387174413006,23.185537786810716,33.83430496871156,1928.0,1088983.5,7191.105,971300.0,6417.43,503033.5,3331.425,0.6577597254004576,99.87568373943311,633.8829080430065,Beaubien,métro,4,3.3735317807509726,0.3249968061528146
762135,École Bedford,Bedford,"3131, rue Goyer",Centre de services scolaire de Montréal,-73.633458,45.507376,Côte-des-Neiges-Notre-Dame-de-Grâce,48,28959.0,17.671445845569185,31.811023622047248,49600.0,23.997249647390692,8.01177240026161,47.45166959578208,34.43429374560787,83.4251968503937,51.318003365114976,52.67451039356463,68.53362402736533,2.494902521910213,96.53302945543699,10.578173739885125,0.6791210562059004,2.70497369844723,4.903484236334127,2.290594748897867,6.0,15324.0,5.220569042025581,13.495170973636125,9.025058731401723,72.25920125293656,1955.0,1242667.0,7902.12,915166.5,5819.549999999999,648633.0,4124.650000000001,0.6360944501895899,77.79960707269156,708.8213387794574,Canora,REM,1,5.239065881586204,0.5674430810028014
762137,École Saint-Léon-de-Westmount,Saint-Léon-de-Westmount,"360, avenue Clarke",Centre de services scolaire de Montréal,-73.592859,45.48574,Westmount,31,20385.0,11.263803680981594,23.384763741562196,75500.0,17.03031888390633,2.4216524216524213,27.099523690147908,22.847273624475697,60.290556900726386,48.395445134575574,8.319843021829778,68.06965906303655,3.38404480775053,32.40618101545254,16.597171122557434,1.8641157714005396,4.251492110211757,6.916850625459897,3.5647126154852424,6.6,13689.0,14.778289137263496,9.255606691504127,27.708378990430273,48.257725180802105,1939.0,2052200.0,12783.15,1089650.0,7044.389999999999,433500.0,2738.32,0.6369000430848771,53.75324873872497,673.3799612478587,Atwater,métro,1,1.1060632499717626,0.17018498980364521
762139,École Victor-Rousselot,Victor-Rousselot,"3525, rue Sainte-Émilie",Centre de services scolaire de Montréal,-73.579233,45.479602,Le Sud-Ouest,33,22218.0,11.633663366336634,20.17691659646167,67500.0,20.49901691815272,8.549671166493598,24.983073798239673,46.025962195399686,67.0997485331098,49.11909795630726,33.57187865694482,86.00684129984697,2.291697031530875,92.64110180934378,23.794520958982204,2.0253848231163922,7.006331202928556,9.016713175503345,5.746091757433913,11.4,14241.0,4.416824661189523,19.38066147040236,34.26023453409171,41.94227933431641,1968.0,908100.0,5926.0,1006616.5,6588.725,492833.0,3219.0,0.6528117819711385,93.96802325581395,316.48683286244943,Station Lionel-Groulx,métro,3,5.837228586705959,0.8240503426322977
762140,École Ludger-Duvernay,Ludger-Duvernay,"770, rue du Couvent",Centre de services scolaire de Montréal,-73.586168,45.478495,Le Sud-Ouest,37,24244.0,11.342544854609198,19.89329268292683,70500.0,18.855781315458735,6.176266481609993,25.230704697986578,39.04821280133001,69.18382913806255,50.36940460669275,22.945883517571357,88.1578947368421,2.254367327667611,69.88945718528295,20.843645163064398,1.4986525875818073,6.695814772039818,7.507012044217126,5.142165759225651,4.2,14465.0,4.8945731075008645,20.013826477704804,28.44106463878327,46.65053577601106,1956.0,814100.0,5375.94,962033.0,6280.3099999999995,463533.5,3026.0699999999997,0.6527947949608986,79.16733386709367,123.46764085848058,Place Saint-Henri,métro,2,4.845771401446255,0.626917875545995
762142,École Notre-Dame-des-Neiges,Notre-Dame-des-Neiges,"5309, chemin Côte-des-Neiges",Centre de services scolaire de Montréal,-73.622005,45.496702,Côte-des-Neiges-Notre-Dame-de-Grâce,51,30836.0,12.005191434133678,22.816808929743924,48800.0,26.04539329627758,4.066543438077634,43.60639360639361,41.5844838921762,86.68639053254438,58.95963813500348,19.06747941396642,83.36719780415642,2.810483473922605,98.80334673757946,10.36667099061703,0.7999308167942232,2.356552946772171,4.572577506810222,2.6376097202404116,15.2,17052.0,1.595120806943467,12.497067792634295,6.427398545625147,79.4804128547971,1953.0,1537933.0,9779.72,1203133.0,7650.72,410000.0,2611.1899999999996,0.6359005421323873,96.37362637362638,116.12195167557198,Côte-des-Neiges,métro,3,0.6225739900637409,0.06332642070267258
762144,École Lucille-Teasdale,Lucille-Teasdale,"3975, rue Bouchette",Centre de services scolaire de Montréal,-73.640833,45.498475,Côte-des-Neiges-Notre-Dame-de-Grâce,55,36024.0,16.48854961832061,35.95166163141994,61200.0,21.34566850985396,9.75729345427801,55.83078207625939,16.921367046401777,78.84038653782073,45.53900604630585,70.6749793606058,57.55401827653941,3.0160198555956677,98.42327337330669,10.511510844622105,0.832778147901399,2.2762602709304907,4.8948848915537795,2.507587534236435,6.8,17398.0,3.0750660995516728,17.697436486952522,15.346591562248534,63.88090585124727,1958.0,799100.0,5081.485000000001,804767.0,5117.5,421650.0,2681.2650000000003,0.6358996502112557,94.21789409616555,509.4354443121488,Plamondon,métro,2,5.1706372517589045,0.45019860279716806
762145,École Gilles-Vigneault,Gilles-Vigneault,"11400, avenue de Poutrincourt",Centre de services scolaire de Montréal,-73.691976,45.531577,Ahuntsic-Cartierville,31,18981.0,18.229715489989463,42.05163043478261,68500.0,16.577456803455725,11.67274622199062,52.75167785234899,30.06863780359029,51.74061433447099,35.80810965162764,66.29619181946403,29.85613540197461,2.95811601074759,100.0,8.833394798307078,0.579526895316369,1.5980893173875628,5.2684263210579,1.387352264545247,1.8,8230.0,23.62089914945322,33.7910085054678,13.803159173754556,28.784933171324422,1964.0,646433.5,4214.915,821700.0,5347.639999999999,350367.0,2283.89,0.6513481472427057,99.88089566460219,320.5812402189381,Du Ruisseau,REM,1,9.560123285394695,1.5797792666476034
762146,École Sainte-Odile,"Sainte-Odile, annexe","12330, rue Lavigne",Centre de services scolaire de Montréal,-73.712887,45.536563,Ahuntsic-Cartierville,19,11374.0,18.637362637362635,37.48645720476706,62000.0,17.762052730696798,12.037833190025795,45.28473804100228,50.29056772463121,59.08119658119658,41.84466019417476,49.450447093889714,66.67287630402384,2.703006857745736,100.0,14.330930191665201,0.9085047769767306,3.8684719535783367,7.092198581560284,2.4617548795498507,1.8,4515.0,26.976744186046513,35.61461794019933,5.913621262458472,31.49501661129568,1961.0,639916.5,4162.575,783500.0,5095.095,357967.0,2327.86,0.650301750150875,99.90632318501171,1615.8402290489219,Bois-Franc,REM,0,5.6019497211641145,1.544820374717052
762147,École Alice-Parizeau,Alice-Parizeau,"11715, rue Filion",Centre de services scolaire de Montréal,-73.697155,45.530407,Ahuntsic-Cartierville,38,22851.0,18.68300153139357,42.251131221719454,67500.0,17.082339807992856,12.78324070115434,52.21609702315325,33.09951775537045,53.75070501974055,36.16971401781529,74.49409585552212,27.839777726325536,2.653056759003982,100.0,9.014922760491883,0.5543156389946464,1.6045979023529238,5.426458360684434,1.4295508584598777,3.4,7608.0,29.31125131440589,37.89432176656151,5.9674027339642475,26.82702418506835,1961.0,623633.0,4056.57,820366.5,5341.635,352066.5,2295.925,0.6509278763096353,99.97421351211965,554.4088989724531,Du Ruisseau,REM,1,6.517310676066673,0.8945718333305368
762149,École Saint-Pascal-Baylon,Saint-Pascal-Baylon,"6320, chemin Côte-des-Neiges",Centre de services scolaire de Montréal,-73.634659,45.501445,Côte-des-Neiges-Notre-Dame-de-Grâce,64,36867.0,15.828021158280212,32.04645323289391,50000.0,24.563270175438596,9.246830723340791,53.15892012246034,25.9768849752339,88.71778755499685,50.15447991761071,60.55512584042363,64.40768727316,2.9297225818893082,98.45932676919739,10.57856619741232,0.8860679379029122,2.549705698863482,4.611169880923319,2.5316226797226062,14.8,18004.0,2.049544545656521,15.524327927127304,3.5936458564763387,78.83248167073984,1953.0,1132867.0,7203.900000000001,865033.0,5500.75,361500.0,2298.79,0.6358997159506944,92.95874822190612,826.7538333583392,Plamondon,métro,1,5.379269382560898,0.4576542507421696
762150,École Simonne-Monet,Simonne-Monet,"3850, avenue Dupuis",Centre de services scolaire de Montréal,-73.627419,45.496243,Côte-des-Neiges-Notre-Dame-de-Grâce,67,38221.0,14.0201597067679,28.18965517241379,52000.0,24.4290703995651,6.372667797431548,51.956202430231,30.163977783655117,88.63441168050386,52.0207690148751,48.95027936113776,70.20147863874936,2.8982496533319377,100.0,10.456729721008521,1.0727087203369874,2.3372840410594526,4.5263075272755815,2.520429432336499,15.4,20412.0,0.8965314520870077,15.569272976680384,5.320399764844209,78.2137958063884,1952.0,1361000.0,8654.61,1055150.0,6741.385,403883.5,2570.1949999999997,0.635898307380343,99.78159126365055,310.4738689534638,Côte-des-Neiges,métro,3,5.125804080327733,0.42064135033061273
762151,École Louisbourg,Louisbourg,"11880, rue Michel-Sarrazin",Centre de services scolaire de Montréal,-73.710183,45.526816,Ahuntsic-Cartierville,31,20656.0,21.075581395348838,38.94609327680194,54000.0,23.330463408457838,15.811373092926493,52.08384710234279,40.95796676441838,68.69355809753161,42.13602550478215,86.33230092916375,55.689879108802074,3.1679899302865997,100.0,12.361218693519238,0.6616318099664343,2.920862380583527,6.761554350632584,2.0171701523366896,6.0,9812.0,17.335915205870364,13.656746840603343,17.376681614349778,51.63065633917652,1968.0,609267.0,3963.15,763800.0,4981.07,353900.0,2310.43,0.6508622366108388,99.97568093385215,562.3582425812994,Bois-Franc,REM,1,5.202402937907725,0.7899684877084829
762152,École des Nations,"Nations, des (propriété de la CS English-Montréal)","4860, rue Vézina",Centre de services scolaire de Montréal,-73.643628,45.495865,Côte-des-Neiges-Notre-Dame-de-Grâce,52,34475.0,16.299303944315547,36.55685441020191,64000.0,19.44226696495153,9.512578616352203,56.750774679061536,15.509729886726692,73.51694915254238,41.632970451010884,70.30415815003508,51.58180542420452,2.9673398453886257,96.80638143582307,12.047377326565142,0.9185400048344211,2.25284022238337,6.168721295624849,2.707275803722504,7.8,16970.0,2.6517383618149677,21.80907483794932,17.619328226281674,57.919858573954045,1959.0,775600.0,4932.03,814467.0,5179.200000000001,422833.0,2688.8,0.6363680450176479,90.81537019681349,475.24295645785185,Plamondon,métro,3,4.428558069474068,0.4029118818884434
762153,École du Petit-Chapiteau,Du Petit-Chapiteau,"4890, avenue Carlton",Centre de services scolaire de Montréal,-73.640271,45.493993,Côte-des-Neiges-Notre-Dame-de-Grâce,64,38745.0,16.053684346367273,35.4434346599812,63200.0,20.283959633514804,9.24310304173544,56.24509033778477,16.246281205536153,78.78315132605304,43.274531422271224,69.707684417933,50.53847607222867,2.9087197738930177,98.62433862433862,9.695874736525143,0.6968641114982579,2.1508151589452402,4.5167118337850045,2.3314836322966404,11.0,18426.0,1.5684359057853032,26.07185498751764,12.297840008683382,60.06186909801367,1955.0,866333.0,5509.009999999999,837300.0,5325.03,433800.0,2758.53,0.6359015633470396,98.8221201836694,187.64313247936659,Plamondon,métro,3,5.047258266628644,0.408593890762415
762154,École Saint-Zotique,Saint-Zotique,"4841, avenue Palm",Centre de services scolaire de Montréal,-73.589354,45.471178,Le Sud-Ouest,21,14525.0,11.803165863730214,19.960861056751465,62400.0,20.118469277757814,8.12740252608457,23.620071684587813,50.70671378091873,71.6437459070072,52.655367231638415,44.674767691208004,96.09244698594233,2.635155629378205,95.33218588640275,21.93918531267929,0.8950086058519794,7.320711417096959,7.89443488238669,5.8290304073436605,4.2,8826.0,3.2404260140493997,28.144119646498982,26.886471787899392,41.72898255155223,1967.0,713400.0,4654.9400000000005,848900.0,5574.1,457450.0,2984.86,0.6525000304830293,94.95579823192928,728.9105582557899,Place Saint-Henri,métro,1,4.640891024077199,1.0021603949299622
762155,École Iona,Iona,"5000, rue Iona",Centre de services scolaire de Montréal,-73.624625,45.484813,Côte-des-Neiges-Notre-Dame-de-Grâce,44,26640.0,13.905047851379246,30.425709515859765,66000.0,16.38192166698823,3.355944305605141,37.95989877360327,32.962821004216174,70.7949790794979,51.53237264055206,13.044032100547748,82.03473313235106,2.254697877855176,92.68768768768768,11.036036036036036,1.313813813813814,2.602602602602602,4.57957957957958,2.54004004004004,7.4,13962.0,7.806904454949147,29.959891133075487,8.107720956882968,54.12548345509239,1943.0,1503050.0,9562.355,1054600.0,6710.24,623183.5,3962.93,0.6364973288982965,86.78637200736648,306.61294280967684,Snowdon,métro,2,2.9428924676127313,0.34649117594331197
762156,École Notre-Dame-de-Grâce,Notre-Dame-de-Grâce,"5435, av. Notre-Dame-de-Grâce",Centre de services scolaire de Montréal,-73.617627,45.475759,Côte-des-Neiges-Notre-Dame-de-Grâce,46,28190.0,14.48581560283688,30.541682673837876,77000.0,14.058992544098928,2.2388059701492535,27.746401894698487,32.18411552346571,59.84644913627639,47.5519146504096,4.168474188586978,79.38636274007177,1.1403914656090486,96.59808442710181,8.986638287808915,0.5084545347049781,2.0574671869457255,4.245004138583422,2.17571242757479,4.6,14697.0,15.384091991562904,29.046744233517046,11.11111111111111,44.45805266380894,1929.0,1404933.0,8947.119999999999,1065550.0,6781.56,578300.0,3677.42,0.6366180473297625,92.60920112938051,474.2415987616828,Villa-Maria,métro,1,1.5742960641037775,0.17516338927056307
762158,École Étoile filante,"Notre-Dame-de-Grâce, annexe","5619, chemin Côte-St-Antoine",Centre de services scolaire de Montréal,-73.616966,45.472627,Côte-des-Neiges-Notre-Dame-de-Grâce,45,27040.0,14.457385838417453,30.16627078384798,71000.0,14.907003226418675,2.717208990271721,27.42976461655277,30.728676332140843,59.35637663885578,45.26357510899723,10.505225761143471,77.94852728549593,1.1365014792899408,100.0,10.428994082840237,0.5547337278106509,2.2189349112426036,5.029585798816568,2.6257396449704142,3.6,14764.0,14.454077485776212,32.2879978325657,12.422107829856408,40.83581685180168,1929.0,1371900.0,8732.18,994400.0,6334.415,514200.0,3283.16,0.636516401181448,98.03174603174604,821.6203965655441,Villa-Maria,métro,1,3.5350455177151714,0.41005331666423206
762161,"École des Cinq-Continents, pavillon Saint-Antonin","Des Cinq-Continents, pavillon Dupuis","5530, avenue Dupuis",Centre de services scolaire de Montréal,-73.637063,45.485272,Côte-des-Neiges-Notre-Dame-de-Grâce,50,28572.0,14.480826475223255,31.656686626746506,63200.0,17.604664513814136,5.580129295678803,45.748696746359876,22.750394667602176,73.09847878302642,44.9698568198945,42.21982437862778,64.38458103884507,2.3457758620689657,81.19837603247935,12.1914228382099,1.2249755004899903,2.846609734471977,5.378225768817956,2.741611834429978,7.0,14664.0,7.630932896890344,31.369339879978174,4.562193126022914,56.43753409710857,1950.0,986433.0,6272.7300000000005,897933.0,5710.8,389533.5,2477.29,0.6365616573634983,73.93214547229681,682.2955085747094,Snowdon,métro,2,4.41145560619038,0.4842763692673601
762162,École Marie-de-l'Incarnation,Marie-de-l'Incarnation,"5446, rue Angers",Centre de services scolaire de Montréal,-73.584057,45.463942,Le Sud-Ouest,34,20619.0,13.706938379427463,23.30508474576271,60800.0,18.08974549048678,10.11927664486341,22.96966731898239,60.62666990527082,68.18395119662131,47.84974093264249,40.794095189615675,94.22244846016798,2.323924535622484,100.0,14.12936288536463,0.3718253390885429,4.300240878154453,6.353363402686842,3.1039332654347933,1.8,12276.0,4.537308569566633,44.72140762463343,18.483219289670902,32.25806451612903,1953.0,719000.0,4727.37,777767.0,5086.89,424616.5,2776.71,0.653821692686935,99.94201778121376,803.3229774264864,Jolicoeur,métro,1,6.075391360804703,0.9241844707409694
762163,École Marc-Favreau,"Marc-Favreau, annexe","4635, place Borden",Centre de services scolaire de Montréal,-73.635317,45.468019,Côte-des-Neiges-Notre-Dame-de-Grâce,45,29551.0,16.39039242219215,33.979885057471265,58000.0,20.39377245508982,4.822650902302427,40.60523166353222,21.703437660338633,68.362594052311,43.77797672336616,30.225785575609404,81.87962896383117,1.5026225846841055,100.0,6.508521990231577,0.47375723325775776,1.6468703822769675,2.7071841900443303,1.6807101846525216,4.8,15788.0,13.662275145680264,24.271598682543704,9.304535089941728,52.761591081834304,1953.0,1027833.0,6536.0,879666.5,5594.969999999999,352200.0,2239.65,0.6358990685060725,99.22994269340974,1783.6424774843506,Villa-Maria,métro,0,6.436775773919436,0.6832005460955604
762164,École Notre-Dame-du-Perpétuel-Secours,Notre-Dame-du-Perpétuel-Secours,"6025, rue Beaulieu",Centre de services scolaire de Montréal,-73.597098,45.45819,Le Sud-Ouest,40,21094.0,13.954039327173657,25.688073394495415,58400.0,18.137206487533284,13.206013815522146,23.988369275502784,58.846061766818295,65.5934646804421,43.85382059800664,67.91577444682369,88.52860201896604,1.643121266710913,100.0,15.75487500395057,1.1219620113144337,4.5352548908062325,7.0004108593280865,3.0972472425018167,4.8,11596.0,7.8561572956191785,62.84063470162125,9.391169368747844,19.91203863401173,1951.0,692533.0,4527.475,729066.5,4760.639999999999,378300.0,2469.92,0.6545864778413996,99.88272087568413,850.6007417674846,Monk,métro,1,6.489215586608274,0.9649065778422109
762165,École Coeur-Immaculé-de-Marie,Coeur-Immaculé-de-Marie,"1845, boulevard Desmarchais",Centre de services scolaire de Montréal,-73.589624,45.455967,Le Sud-Ouest,52,27848.0,14.383192673729575,25.857038657913932,60400.0,16.294016319129646,11.064593301435407,21.644083107497742,60.180018001800185,65.89006188569348,44.086840601790136,59.57058867306691,81.93793257423532,1.651177822464809,100.0,12.005649717514123,0.7062146892655368,3.4951642248396055,5.350474001723643,2.4537968016853395,4.0,14922.0,7.673234150918108,65.37327436000537,8.497520439619354,18.455971049457176,1950.0,684267.0,4483.55,747667.0,4884.77,372650.0,2432.7349999999997,0.6546534653465348,99.64307883302297,604.6257184634202,Jolicoeur,métro,2,5.379291056547574,0.6058750087482677
762166,École Dollard-des-Ormeaux,Dollard-des-Ormeaux,"6639, rue d'Aragon",Centre de services scolaire de Montréal,-73.597503,45.451566,Le Sud-Ouest,40,24747.0,13.77221324717286,25.711927362773423,58000.0,19.62201232032854,10.07617728531856,28.197258031512174,50.19383799224648,63.692434210526315,48.1888745148771,65.78438786656584,84.35845727249811,2.1299955550167695,100.0,12.85004242938538,1.0775716921916463,3.758031276518366,5.347449522501044,2.666989938174324,4.0,13717.0,7.392286943209156,51.97929576437996,17.41634468178173,23.212072610629146,1956.0,699333.5,4576.495,745200.0,4866.13,385833.0,2502.7599999999998,0.6531160440652696,99.61065254633235,341.3884755426566,Monk,métro,2,16.970730970571747,2.150948422403065
762167,École Saint-Jean-de-Matha,Saint-Jean-de-Matha,"6970, rue Dumas",Centre de services scolaire de Montréal,-73.596347,45.448335,Le Sud-Ouest,31,19661.0,13.538227076454154,26.001040041601662,58000.0,20.176788471435923,8.607817303469476,30.244530244530242,47.04522096608428,62.901554404145074,48.91716296697347,58.88801879404855,80.56382145653876,2.319159757896343,100.0,14.071851211365987,1.2885068579082108,3.797704423308411,6.0356373870437245,2.9500025431056405,3.8,11777.0,8.13449944807676,47.96637513798081,19.06257960431349,24.836545809628937,1958.0,731266.5,4781.305,764250.0,4991.78,389033.0,2530.27,0.6527332892124421,99.60707269155206,388.7736177038673,Monk,métro,2,22.651235596852132,3.6135852103304926
762169,École Les-Enfants-du-Monde,Les-Enfants-du-Monde,"5350, avenue Rosedale",Centre de services scolaire de Montréal,-73.65023,45.466948,Côte-des-Neiges-Notre-Dame-de-Grâce,40,25882.0,17.61297798377752,38.820301783264746,60400.0,17.783510848126234,6.640625,46.53777865456698,16.65036196439053,63.60745115856429,41.35509192315637,40.60625449892026,72.19867231864353,2.105897725247966,65.05293253998919,4.159905210828633,0.3090951240244185,0.708342992555959,2.06063416016279,1.0818329340854649,2.2,11613.0,18.022905364677516,28.94170326358391,5.511065185567898,47.524326186170676,1957.0,771633.0,4906.8099999999995,800116.5,5088.895,411216.5,2614.925,0.6358990410229088,69.41257457549335,2693.4218028055425,Snowdon,métro,0,4.082667797605666,0.49476414179664285
762170,École Sainte-Catherine-de-Sienne,Sainte-Catherine-de-Sienne,"7055, avenue Somerled",Centre de services scolaire de Montréal,-73.643912,45.461278,Côte-des-Neiges-Notre-Dame-de-Grâce,39,23994.0,17.104166666666668,37.80084945729117,62400.0,17.557975267239573,6.31704410011919,37.82991202346041,18.120805369127517,59.41893158388004,40.64898048673536,31.43404255319149,71.88085106382978,1.8695592974175101,91.82712344752855,5.348559362062739,0.2917396015670584,1.208635492206385,2.625656414103526,1.2225278541857687,2.0,11391.0,20.726889649723464,27.811430076376087,5.6711438855236596,45.79053638837679,1952.0,847150.0,5389.045,803000.0,5107.34,416033.5,2645.55,0.6364376397737966,88.70792616720955,2789.972034839014,Villa-Maria,métro,0,5.744128577639324,0.750885130436635
762171,École Judith-Jasmin,Judith-Jasmin,"4575, avenue Mariette",Centre de services scolaire de Montréal,-73.640118,45.463024,Côte-des-Neiges-Notre-Dame-de-Grâce,41,27243.0,16.422018348623855,35.09960159362549,56000.0,21.414739776951674,6.4044552732335545,41.165518525414264,18.632732676945942,66.57392686804452,43.85453131077402,33.76779146009915,83.69582600351832,1.8621664280732666,100.0,4.90645915158634,0.2447111796302414,1.0889647493545742,2.263578411579733,1.3092048110217913,3.6,12279.0,16.255395390504113,27.192768140728074,9.512175258571546,47.03966121019627,1953.0,880267.0,5599.12,814400.0,5179.41,300733.5,1912.375,0.6359799253635311,99.93795243019649,2447.8593000885944,Villa-Maria,métro,0,8.401645418129663,0.9673005269000147
762181,École Saint-Raymond,Saint-Raymond,"2055, avenue d'Oxford",Centre de services scolaire de Montréal,-73.609991,45.469468,Côte-des-Neiges-Notre-Dame-de-Grâce,26,15077.0,13.552021206096754,27.76243093922652,64000.0,16.52446091644205,3.2723239046034385,27.89927104042412,26.595030221625255,63.79781420765027,50.327247674819155,14.799999999999999,80.80000000000001,1.4534058499701532,100.0,16.29413455373527,0.8401317680351971,3.647940571731777,7.251663681988017,4.554398531980279,1.8,10290.0,12.555879494655006,31.10787172011662,11.059280855199223,45.27696793002916,1929.0,1417116.5,9022.045,860867.0,5479.97,428267.0,2736.2,0.6377404266303057,96.70688788335848,688.4366911249996,Vendôme,métro,1,4.704306771296514,0.9786619554669556
762201,École Gadbois,Gadbois,"8305, rue Saint-André",Centre de services scolaire de Montréal,-73.628584,45.548064,Villeray-Saint-Michel-Parc-Extension,58,32754.0,13.411657003356728,22.788517867603982,68000.0,13.970029813274753,5.386473429951691,22.4019912881145,76.4833462432223,65.88096641131408,48.75883610060826,21.35250434507821,91.0728393111076,2.1136349758808084,100.0,10.655187152714173,0.6716736887097758,2.5849260141255015,5.0171989171805995,2.3813885326982964,11.6,18904.0,3.7399492170969104,50.2644942869234,16.038933559035126,29.95662293694456,1949.0,806000.0,5313.0,889116.5,5872.99,422933.0,2762.38,0.6596050965161507,99.89231390496703,537.9561051485045,Jarry,métro,2,4.9445286547633795,0.47349190598276236
762205,École Victor-Doré,Victor-Doré,"1350, boulevard Crémazie Est",Centre de services scolaire de Montréal,-73.624714,45.551745,Villeray-Saint-Michel-Parc-Extension,47,28178.0,14.293314417449904,25.65812565812566,62000.0,16.35739430230448,8.124076809453472,28.529945553539022,70.61158217571713,67.59422331806975,46.23821435443525,43.9100077579519,90.19912076545126,2.46642770956065,100.0,9.416329524215108,0.54415974637424,2.223957224312111,4.731823881515131,1.9163886720136276,11.0,15097.0,4.179638338742796,44.03523878916341,14.532688613631848,37.252434258461946,1956.0,716933.5,4680.07,841267.0,5553.56,420833.0,2738.2000000000003,0.6585817863351684,99.90992613943433,994.5229199901634,Jarry,métro,1,14.132208361528336,1.5730838528083224
762207,École Charles-Bruneau,Charles-Bruneau,"2515, rue Holt",Centre de services scolaire de Montréal,-73.583454,45.54595,Rosemont-La Petite-Patrie,61,33893.0,12.866617538688283,20.468458876763375,59200.0,15.68520745640409,6.1639038057436375,15.106510651065106,85.47981664941594,71.32606962529896,51.673212882953656,7.190148728610267,98.54789700943547,1.7470569144071046,100.0,11.378947471946026,0.7277805643249836,3.3241869019168164,4.986280352875225,2.340699652829001,7.0,20581.0,2.8424274816578396,56.323793790389196,9.936349059812448,30.897429668140518,1939.0,910900.0,6012.74,889950.0,5874.89,422783.5,2782.12,0.6591411275684081,99.90264255910988,1674.585510618163,D’Iberville,métro,0,5.8735074278392725,0.5435500208597598
762208,École Dominique-Savio,"Dominique-Savio Annexe, primaire","9335, rue Saint-Hubert",Centre de services scolaire de Montréal,-73.646184,45.553357,Ahuntsic-Cartierville,29,17608.0,14.764338444065872,29.066353493834413,72000.0,12.040994507082972,6.472654290015052,23.3739837398374,74.37070938215103,57.95990566037735,42.778625954198475,9.512721490231712,87.51135847342117,1.2506247160381645,100.0,12.058912615477814,0.7193699833409056,2.214902317128578,6.360745115856429,2.7638951991519005,2.8,9273.0,10.244796721665049,55.6454221934649,9.867356842445812,24.242424242424242,1961.0,746667.0,4855.58,819983.5,5336.25,384350.0,2499.425,0.650447657141152,99.81995884773663,844.0268243978766,Sauvé,métro,2,11.06368352429325,1.9707962209223284
762209,École Saint-Pierre-Apôtre,Saint-Pierre-Apôtre,"8550, rue Clark",Centre de services scolaire de Montréal,-73.639501,45.540028,Villeray-Saint-Michel-Parc-Extension,46,26723.0,14.881286221723686,28.559967910148416,67000.0,16.653320683111954,11.69645656945751,31.258228324242992,55.30715761788465,67.36334405144694,46.042163882259345,48.66473370975125,61.403174118724245,2.4707181079968565,100.0,13.034963639311952,0.7983135625990095,2.8439920667589718,6.261772006635982,3.130886003317991,4.4,13193.0,3.6382930341847945,66.05775790191768,6.761161221860077,23.542787842037445,1950.0,778600.0,5106.525,809767.0,5323.150000000001,448833.0,2949.96,0.6564783593167826,99.93818256748403,681.6075929182657,Crémazie,métro,2,10.1492561696965,1.1912447748840316
762212,Hôpital Sainte-Justine,Centre de réadaptation Marie-Enfant,"5200, rue Bélanger Est",Centre de services scolaire de Montréal,-73.57678,45.575254,Rosemont-La Petite-Patrie,42,25963.0,17.382098171318574,32.06454282167977,59600.0,16.294813074965745,9.63855421686747,35.78180385978732,59.42454492072813,69.2339373970346,42.02595228128924,43.9569468408512,79.86196697066799,2.194314986711859,100.0,9.808830515220377,0.8987148377819717,1.7974296755639434,4.917254041007075,2.195431960867388,3.2,13381.0,4.214931619460429,58.05246244675286,6.29997758015096,31.43262835363575,1962.0,712833.0,4698.28,798100.0,5372.91,348067.0,2324.6,0.6701266488186356,99.97843433254259,2354.2048391063404,Cadillac,métro,0,6.932883927956894,0.8375506150816024
762215,École de l'Étincelle,Lambert-Closse,"5840, rue Saint-Urbain",Centre de services scolaire de Montréal,-73.604199,45.526096,Le Plateau-Mont-Royal,60,35271.0,19.74468085106383,26.0,69000.0,14.261122302158274,5.805478763508419,22.236559139784944,49.57374254049446,64.4704433497537,45.77757268112598,10.281283085815664,58.969296363064075,1.9083099430126733,100.0,11.728237551151562,0.3685747497944487,3.0809068828971866,5.538071881526845,2.74068403693308,13.8,18893.0,4.795426877679564,33.440956968189276,24.379399777695443,37.38421637643572,1922.0,1585183.5,10133.560000000001,1171167.0,7658.889999999999,580967.0,3759.32,0.6470772133135696,99.78504896106998,804.5724325321264,Rosemont,métro,1,5.345782463491669,0.47538504484284366
762217,École de la Lancée,De la Lancée Annexe,"8147, rue Sherbrooke Est",Centre de services scolaire de Montréal,-73.53709,45.599464,Mercier-Hochelaga-Maisonneuve,28,16033.0,16.001247660636306,32.564841498559076,69000.0,12.958043844856661,8.789182544560541,25.485037816507727,75.58254020347883,48.02300503235083,38.220075888237325,30.42859080428591,58.31411908314119,1.9248425123183435,100.0,12.97324268695815,0.6860849497910559,3.076987047547766,6.112393189047589,3.097777500571737,1.8,7360.0,24.02173913043478,39.375,11.548913043478262,25.05434782608696,1962.0,551833.0,3869.31,705000.0,4977.86,350100.0,2364.225,0.698811808537202,99.97353096876654,362.6788272902892,Honoré-Beaugrand,métro,1,13.400856284556225,2.62162013044024
762248,École Le Vitrail,Le Vitrail,"5927, rue Boyer",Centre de services scolaire de Montréal,-73.59726,45.535087,Rosemont-La Petite-Patrie,56,33911.0,12.030075187969924,18.414120126448893,64000.0,15.85967016491754,3.4761696545693046,21.091512136288255,77.49072011878248,68.5616076150185,54.76981490270527,2.4818001323626735,94.48589134227784,1.941906755919908,100.0,13.525601328968968,0.7667128660316711,4.167772502531136,5.38664936647892,3.204466593927241,13.2,20653.0,2.7986248971093786,38.79823754418245,20.99937055149373,37.40376700721445,1944.0,1018500.0,6764.929999999999,954667.0,6304.74,468117.0,3074.16,0.6568068997387918,99.91519263387448,399.09664432303066,Rosemont,métro,2,10.17725273012003,0.9413301491717402
762284,École internationale de Montréal,Transitoire - International de Montréal,"3641, avenue Prud'homme",Centre de services scolaire de Montréal,-73.613177,45.475561,Côte-des-Neiges-Notre-Dame-de-Grâce,41,25031.0,14.739364889155182,32.10151380231523,77000.0,13.602383888203864,2.197392923649907,26.69683257918552,30.195599022004888,56.01954686805865,46.2100064419154,6.568159293630056,68.01964140913596,1.0827223682390372,86.64056569853382,10.586872278374814,0.6791578442731013,2.5701463518570304,4.647570346104164,2.6899977361405187,7.4,13204.0,17.58558012723417,29.332020599818236,10.209027567403817,42.873371705543775,1928.0,1448233.0,9213.34,963516.5,6150.43,540917.0,3441.49,0.6362183449651047,81.84931506849315,694.0898910704815,Villa-Maria,métro,2,2.248571946703733,0.2817608144028452
763001,Académie Saint-Clément,Académie Saint-Clément,"1345, chemin Régent",Centre de services scolaire Marguerite-Bourgeoys,-73.642611,45.517834,Mont-Royal,21,12501.0,20.536429143314653,51.30434782608696,127000.0,11.572938689217759,0.9290540540540541,35.37660256410257,45.63621533442088,42.49201277955272,40.36850921273032,0.0,35.671796808611084,2.0,7.335413166946644,4.372983494653761,0.10665813401594539,1.519878409727222,2.2131562808308667,0.533290670079727,2.6,5223.0,44.418916331610184,11.143021252153934,9.860233582232434,34.57782883400345,1953.0,1322883.5,8412.215,905967.0,5761.05,1098550.0,6985.6849999999995,0.6359001959846767,9.69176993962504,160.74864510744376,Ville-de-Mont-Royal,REM,2,0.34408135194383,0.0863313210994671
763002,École Saint-Clément-Ouest,Saint-Clément-Ouest,"555, avenue Mitchell",Centre de services scolaire Marguerite-Bourgeoys,-73.655918,45.508204,Mont-Royal,17,10386.0,18.422318422318423,47.225806451612904,102000.0,11.475131995776135,4.5105566218809985,37.45229007633588,38.468945594607604,32.03631647211414,35.040160642570285,21.336414404005392,33.08299634122858,2.8335607094133697,42.34546504910456,6.804031067462611,0.09628345850182939,1.8614801977020345,3.3699210475640284,1.4763463636947172,2.4,4367.0,48.454316464392036,4.991985344630181,14.563773757728418,31.98992443324937,1957.0,631383.5,4063.53,741783.5,4789.26,,,0.6407102738433368,17.42896742896743,975.9931807386472,De La Savane,métro,1,0.42616115276272726,0.12869970348808635
763005,École Bois-Franc-Aquarelle,"Bois-Franc-Aquarelle, édifice Aquarelle","2080, rue de Londres",Centre de services scolaire Marguerite-Bourgeoys,-73.699333,45.522208,Saint-Laurent,32,20908.0,21.9377990430622,46.44023514043109,67500.0,18.546199952049868,13.876651982378855,51.84659090909091,33.47680535628886,58.65006553079948,42.35952199338927,75.22001147885977,27.812320642816147,2.4837861105796826,100.0,9.597602193737645,0.4942286843951279,1.9450290160066321,5.548115553854983,1.6102289394809004,3.6,9044.0,21.881910659000443,19.139761167624943,14.750110570544006,44.228217602830604,1960.0,684100.0,4456.6,723733.0,4723.08,355000.0,2316.74,0.6523435726824872,100.0,1022.4332817670157,Du Ruisseau,REM,0,5.722933613408857,0.8585354307744584
763006,École Cardinal-Léger,Cardinal-Léger,"2000, rue Decelles",Centre de services scolaire Marguerite-Bourgeoys,-73.686905,45.506476,Saint-Laurent,32,17203.0,17.91218377435301,43.583902809415335,72000.0,13.35281173594132,7.837528604118993,49.513130717025675,29.758791049113633,52.603369065849925,37.484355444305386,49.90989943614486,32.314131256176246,1.9155379875603094,100.0,10.87019705865256,1.0075761979499698,2.8289639403979923,4.3403282373229475,2.6933286829816505,2.2,8169.0,23.66262700452932,34.28816256579753,15.350716121924348,26.698494307748806,1964.0,779016.5,5083.875,877133.5,5724.174999999999,393400.0,2567.34,0.6526010593810985,100.0,913.7380475518848,Côte-Vertu,métro,1,4.246110902146492,0.7741750125453924
763007,École Édouard-Laurin,Édouard-Laurin,"1085, rue Tassé",Centre de services scolaire Marguerite-Bourgeoys,-73.684164,45.521308,Saint-Laurent,34,21851.0,19.312714776632305,43.111931119311194,64500.0,18.6455443216553,13.628158844765343,52.40779891942683,34.39609029555504,64.76014760147602,43.60639360639361,89.26204372341478,32.44138886141062,2.028968925907281,100.0,9.930895611184843,0.7932512623373453,2.4560279468521653,4.408646438759477,2.272969963235855,3.0,9980.0,17.55511022044088,23.957915831663325,10.090180360721442,48.39679358717434,1958.0,648100.0,4229.5,743083.5,4849.360000000001,351833.0,2296.075,0.6526008717898605,99.84520123839009,782.4737968027268,Côte-Vertu,métro,2,6.663171728214581,0.9564487312425088
763008,École Enfant-Soleil,Enfant-Soleil,"1615, rue Tassé",Centre de services scolaire Marguerite-Bourgeoys,-73.689933,45.516673,Saint-Laurent,31,20196.0,19.593757740896706,44.58161865569273,65500.0,16.832075949367088,12.279025322503584,50.52794231264486,34.26994480682388,60.2054794520548,41.83561643835617,69.09526787575568,27.871586408171773,1.8215488215488216,100.0,10.827226513501024,1.1058295372020863,2.459232851389714,4.687396844259589,2.574767280649634,5.0,8210.0,18.806333739342264,25.907429963459194,10.682095006090133,44.604141291108405,1955.0,650500.0,4245.18,727767.0,4749.4,414700.0,2706.335,0.6525999521187454,99.94140052739525,582.841493533417,Côte-Vertu,métro,1,3.0276029276405683,0.4702031784840365
763009,École Guy-Drummond,Guy-Drummond,"1475, avenue Lajoie",Centre de services scolaire Marguerite-Bourgeoys,-73.613627,45.518401,Outremont,43,25595.0,23.876514263384134,39.54950235725511,96000.0,10.682409638554217,5.543037404236142,25.28922265070022,48.17635270541082,46.876640419947506,39.964981396366824,16.66177764740393,44.60880861584881,1.2627466302012111,100.0,9.129387250113956,0.5209350784658462,2.266067591326431,4.128410496841831,2.2139740834798465,7.6,12047.0,13.306217315514235,20.05478542375695,30.015771561384575,36.62322569934424,1928.0,1917700.0,12167.485,1723550.0,10978.08,738217.0,4688.639999999999,0.6361718505003279,99.40223375806198,214.04321450319847,Outremont,métro,4,6.57558913428246,0.8058079380185257
763010,École Hébert,Hébert,"705, boulevard Décarie",Centre de services scolaire Marguerite-Bourgeoys,-73.676604,45.511039,Saint-Laurent,20,13012.0,15.33435818601076,35.96330275229358,64000.0,17.444314985938128,7.042253521126761,51.86223468161795,35.87816455696203,57.02554744525548,42.533557046979865,37.22646981281308,61.34985499604535,1.7002766676913619,100.0,15.037401373091505,1.4089558356388974,4.380571779895481,5.430884311917205,3.816989445639922,4.0,7875.0,13.257142857142856,23.834920634920636,32.08888888888889,30.81904761904762,1977.0,697783.5,4553.73,797633.0,5205.355,368233.0,2403.09,0.6526013989892634,99.97719498289624,411.14754372386415,Du Collège,métro,2,2.447333703601937,0.5899308971637678
763011,École Henri-Beaulieu,Henri-Beaulieu,"235, rue Bleignier",Centre de services scolaire Marguerite-Bourgeoys,-73.673818,45.529048,Saint-Laurent,38,33115.0,19.809610154125114,42.44360902255639,65000.0,20.764482547458666,11.484511981297487,61.15196078431373,30.3730554296934,67.65701391500563,47.03576678098971,86.28236744759556,57.39827373612824,3.6381398157934473,100.0,7.8413609139866125,0.2818460919019578,1.5904172328753334,4.519603402284966,1.4494941869243545,4.6,15937.0,4.392294660224635,16.201292589571437,29.403275396875195,50.00313735332873,1982.0,674600.0,4397.86,807767.0,5271.48,348400.0,2266.5099999999998,0.6514061331338818,99.90623534927332,487.9074792035701,Montpellier,REM,1,5.264749575170525,0.4986604962435051
763012,École Jonathan,Hébert,"705, boulevard Décarie",Centre de services scolaire Marguerite-Bourgeoys,-73.676604,45.511039,Saint-Laurent,20,13012.0,15.33435818601076,35.96330275229358,64000.0,17.444314985938128,7.042253521126761,51.86223468161795,35.87816455696203,57.02554744525548,42.533557046979865,37.22646981281308,61.34985499604535,1.7002766676913619,100.0,15.037401373091505,1.4089558356388974,4.380571779895481,5.430884311917205,3.816989445639922,4.0,7875.0,13.257142857142856,23.834920634920636,32.08888888888889,30.81904761904762,1977.0,697783.5,4553.73,797633.0,5205.355,368233.0,2403.09,0.6526013989892634,99.97719498289624,411.14754372386415,Du Collège,métro,2,2.447333703601937,0.5899308971637678
763014,École Laurentide,Laurentide,"465, rue Cardinal",Centre de services scolaire Marguerite-Bourgeoys,-73.674912,45.506575,Saint-Laurent,19,10925.0,17.315620705451217,38.50325379609544,70500.0,15.415514874141877,6.955046649703138,48.141349242771916,35.8058608058608,56.37949836423118,42.11798839458414,33.382151029748286,54.983981693363845,1.6951945080091533,100.0,14.980930587337909,0.8848207475209763,4.94279176201373,5.827612509534706,3.3257055682684973,1.8,6467.0,15.602288541827741,28.885109014999227,29.225297665068812,26.28730477810422,1962.0,740167.0,4830.33,828500.0,5406.780000000001,384750.0,2510.88,0.6525995071092575,94.23913043478261,265.4189055967201,Du Collège,métro,1,2.3310000562903013,0.6692260602306569
763015,École Beau-Séjour,"Beau-Séjour, édifice Sud","2681, rue Baker",Centre de services scolaire Marguerite-Bourgeoys,-73.727512,45.519742,Saint-Laurent,19,10591.0,19.54674220963173,50.20188425302826,84000.0,9.51429919773478,8.751229105211406,45.1735615786971,34.02548371873525,35.17520215633424,25.65261044176707,59.45614200736474,4.27721650457936,2.4457558304220566,100.0,9.819658200358795,0.22031284423881914,2.4234412866270105,5.696660686746609,1.479243382746357,0.4,4287.0,48.378819687427104,42.61721483554933,7.2778166550035,1.7261488220200607,1975.0,723750.0,4717.0650000000005,816233.0,5322.06,482067.0,3145.97,0.6521622764811539,99.96747967479675,1199.6999337662455,Bois-Franc,REM,0,14.626350099021865,4.331626506022472
763016,École Nouvelle-Querbes,Nouvelle-Querbes,"215, avenue Bloomfield",Centre de services scolaire Marguerite-Bourgeoys,-73.600662,45.51769,Outremont,54,27653.0,19.69258589511754,29.770017035775126,81000.0,11.650797182054134,5.322924059616749,22.353798506103114,46.09403254972875,58.40033855268726,41.462465966549985,14.270555088001757,40.25394269823265,1.6478501428416448,100.0,11.511710604033318,0.5424366253209417,3.0858616907146903,5.5931243144203755,2.290287973577309,8.6,13856.0,11.172055427251733,31.23556581986143,22.358545034642034,35.2338337182448,1919.0,1933767.0,12307.539999999999,1440633.5,9281.97,694483.0,4459.2300000000005,0.6437913012602348,99.65093337380483,1143.6072746848333,Outremont,métro,0,13.562461948766735,1.538325662803006
763017,École Saint-Clément-Est,Saint-Clément-Est,"1560, boulevard Laird",Centre de services scolaire Marguerite-Bourgeoys,-73.644501,45.519292,Mont-Royal,21,11948.0,20.477386934673365,51.55350978135789,127000.0,11.372148654421187,1.1627906976744187,35.24659863945578,44.25459205467749,40.546697038724375,40.230905861456485,0.0,35.86371787208607,,0.0,6.863073317710077,0.6974668005802924,2.092400401740877,3.208347282669345,0.8648588327195627,2.2,4864.0,44.40789473684211,11.245888157894738,6.578947368421052,37.76726973684211,1954.0,1323300.0,8414.869999999999,906733.5,5765.925,,,0.6359004451639012,3.0913012221423437,319.3206480339972,Ville-de-Mont-Royal,REM,1,0.0,0.0
763018,École Saint-Germain-d'Outremont,Saint-Germain-d'Outremont,"46, avenue Vincent-d'Indy",Centre de services scolaire Marguerite-Bourgeoys,-73.61333,45.511138,Outremont,30,17120.0,16.37956204379562,32.82863041982106,88000.0,14.821618357487923,1.1734028683181226,31.18247298919568,60.98428698487993,54.54545454545454,46.6875,3.6731062531774272,55.54143365531266,1.274357476635514,100.0,8.31386292834891,0.27258566978193144,2.7258566978193146,3.5046728971962615,1.810747663551402,5.6,8413.0,15.535480803518364,17.270890288838704,25.46059669559016,41.73303221205277,1941.0,2020267.0,12819.96,1727900.0,10973.305,824233.0,5250.200000000001,0.6358379428306599,99.95262908574135,128.15992075807176,Édouard-Montpetit,métro,3,11.00624434143958,2.016449712366968
763019,École de la Mosaïque,"Mosaïque, de la","5621, avenue Mc Murray",Centre de services scolaire Marguerite-Bourgeoys,-73.665264,45.463213,Côte-Saint-Luc,28,17984.0,20.68869758400444,44.814534443603335,71500.0,14.226242774566474,4.169259489732421,43.784895680282105,16.757532281205165,53.328232593726085,42.9601756036375,17.538614848031887,42.83134030891878,3.5886581469648564,6.961743772241993,4.893238434163701,0.24095492289442466,0.7413997627520759,2.2612692763938314,1.649614472123369,0.8,7697.0,32.467195011043266,21.151097830323504,7.3794985059113944,39.00220865272183,1962.0,696800.0,4430.95,859116.5,5463.13,300867.0,1913.2199999999998,0.6358995564080525,9.349269588313414,3655.017478329287,Namur,métro,0,0.0,0.0
763020,École Jean-Grou,Jean-Grou,"805, rue Tassé",Centre de services scolaire Marguerite-Bourgeoys,-73.680663,45.523639,Saint-Laurent,33,26539.0,19.343891402714934,41.795366795366796,68500.0,20.150251645373597,11.373873873873874,56.21209156720798,32.862055789071455,64.96385542168674,45.740470735263486,80.51473540512326,54.00706657030434,2.872338822110856,100.0,8.666490824823844,0.4019242121657435,2.260823693432307,4.408606202192999,1.5951367170327946,2.0,12904.0,11.763794172349659,15.514569125852448,19.474581525108494,53.24705517668939,1970.0,662950.0,4326.405,778700.0,5081.8,386500.0,2522.31,0.6526017507445177,99.8181083265966,671.8888400778493,Montpellier,REM,2,5.661197115461841,0.6690764259084768
763021,École Katimavik,"Katimavik, édifice Katimavik","1700, rue Decelles",Centre de services scolaire Marguerite-Bourgeoys,-73.68236,45.510346,Saint-Laurent,29,17468.0,17.072472071039815,39.34306569343066,68000.0,16.17491124260355,8.319374651032943,50.66425120772947,34.89324363849079,58.64332603938731,40.919246728375356,45.23523839595832,40.93463845910957,1.6618387909319898,100.0,13.186016334630944,1.1640332799022974,3.8546675826272803,4.827875734676742,3.339439737424624,5.0,8882.0,15.379419049763568,31.096599864895293,16.944381895969375,36.57959918937176,1962.0,730566.5,4767.6849999999995,834100.0,5443.334999999999,374883.0,2446.495,0.6525982567353408,100.0,444.67345402684913,Côte-Vertu,métro,2,2.819323031835848,0.5062367414624588
763022,École Enfants-du-Monde,Enfants-du-Monde,"2915, rue Marcel",Centre de services scolaire Marguerite-Bourgeoys,-73.725496,45.515161,Saint-Laurent,14,16518.0,22.252497729336966,49.547325102880656,114000.0,8.39624810892587,4.69191633691351,40.83358501963153,30.257186081694403,26.11516626115166,39.28686154834565,28.641482019614966,0.0,2.3590628405375953,100.0,4.6414012995923635,0.04036001130080316,1.3318803729265045,2.6435807402026072,0.625580175162449,1.6,4991.0,40.332598677619714,24.64435984772591,34.061310358645564,0.9617311160088158,2001.0,956667.0,6243.21,818266.5,5340.0,506867.0,3307.81,0.6526002822238762,99.97609371264643,1269.8025306725865,Bois-Franc,REM,0,14.59452770538276,2.7713066863149116
763024,École des Grands-Êtres,"Grands-Êtres, des","1150, rue Deguire",Centre de services scolaire Marguerite-Bourgeoys,-73.68658,45.521551,Saint-Laurent,35,21560.0,19.23880250638199,44.25176621708414,65000.0,17.464338498212157,14.587155963302752,50.26252983293556,34.253361641896674,60.72118480360592,40.96569250317662,88.68369548853315,20.921362974858233,1.8668831168831168,100.0,9.307359307359308,0.7421150278293135,2.2572665429808287,4.0352504638218925,2.2727272727272725,3.8,8819.0,21.5670710964962,30.230184828211815,4.739766413425558,43.462977661866425,1955.0,638650.0,4167.825000000001,744433.0,4858.17,379316.5,2475.425,0.6525982667904674,99.91479693268957,846.5568126213329,Côte-Vertu,métro,2,5.5105153132675255,0.8016696886808785
763025,École des Amis-du-Monde,"Amis-du-Monde, des","8205, chemin Mackle",Centre de services scolaire Marguerite-Bourgeoys,-73.678323,45.459406,Côte-Saint-Luc,9,4898.0,24.159021406727827,53.77358490566038,113000.0,7.6410623084780385,2.9082774049217,39.6414342629482,16.99078812691914,24.528301886792452,33.01075268817204,11.780318497345856,11.780318497345856,,0.0,3.062474479379339,0.0,0.3402749421532599,1.5652647339049954,1.1569348033210836,0.2,1524.0,78.41207349081365,6.233595800524935,0.45931758530183725,14.895013123359579,1957.0,,,,,,,,0.0,4419.953326101838,Namur,métro,0,0.0,0.0
763026,École au Trésor-du-Boisé,"Trésor-du-Boisé, au","3925, rue Claude-Henri-Grignon",Centre de services scolaire Marguerite-Bourgeoys,-73.71831,45.509086,Saint-Laurent,8,14181.0,22.786596119929452,48.533585619678334,114000.0,8.25710696338837,2.801302931596091,38.87477313974592,31.550610193826273,23.89463781749765,45.31733746130031,10.125339776502567,6.599214738749623,2.0978774416472747,100.0,4.489575253273158,0.07051688879486637,1.1047645911195731,2.703147403803211,0.6111463695555085,0.2,5200.0,31.26923076923077,9.403846153846155,51.98076923076923,7.346153846153847,2006.0,1293333.0,8440.29,736383.5,4805.64,514533.0,3357.8500000000004,0.6525988488315734,99.95598591549296,1507.8734614308407,Bois-Franc,REM,0,16.910710751297874,3.740304934845423
763027,École Irma-LeVasseur,Irma-LeVasseur,"1400, av. Thérèse-Lavoie-Roux",Centre de services scolaire Marguerite-Bourgeoys,-73.619247,45.521551,Outremont,52,30860.0,21.289695398574207,36.260162601626014,81000.0,16.393676152438008,9.762621196924105,31.328741810851675,41.41747893606476,56.42915642915642,42.85971223021583,34.9732850432101,52.07085738874745,2.2181430943614178,89.76668826960467,10.110174983797796,0.7344998919853101,2.3979261179520415,4.579822855908404,2.3979261179520415,7.4,14542.0,7.6055563196259115,26.330628524274513,23.22239031770045,42.84142483839912,1950.0,1716800.0,10901.75,1060000.0,6877.04,652967.0,4157.27,0.6416404160321957,88.12370476645943,376.1720583429506,Outremont,métro,2,4.0169553321670035,0.40827528139011726
763100,École Chanoine-Joseph-Théorêt,Chanoine-Joseph-Théorêt,"990, 5e Avenue",Centre de services scolaire Marguerite-Bourgeoys,-73.576992,45.456355,Verdun,62,32698.0,13.69611739529196,23.42959214051801,62400.0,16.312038894891188,9.816535620681439,17.654226961157654,61.53964588144727,72.72187592757496,48.6742728587498,37.524051890013034,85.98783439885793,1.7038656798580953,100.0,11.040430607376598,0.7237955430505434,2.9053764756254203,4.791322608926132,2.6199359797745023,5.2,18654.0,4.733569207676638,48.788463600300204,9.065079875629891,37.41288731639327,1931.0,823133.5,5404.46,815767.0,5345.929999999999,445767.0,2925.13,0.6557194456816325,99.58033573141488,395.5301603455519,Jolicoeur,métro,2,5.299990525729342,0.5084004307108794
763101,École des Découvreurs,"Découvreurs, des","845, 39e Avenue",Centre de services scolaire Marguerite-Bourgeoys,-73.613302,45.421057,LaSalle,25,13835.0,15.034333212865919,33.30550918196995,64500.0,15.35469046714774,10.164638511095205,31.195445920303605,39.49889462048637,62.88573811509591,37.16673298846001,44.346116027531956,60.23434939364143,3.0172027466570293,100.0,5.758342368389351,0.5059631369714492,0.7950849295265631,2.9394048909769905,1.5178894109143477,1.6,6067.0,12.263062469095104,66.02933904730509,5.67001813087193,16.037580352727872,1967.0,633700.0,4097.5,842400.0,5446.96,436916.5,2825.1,0.6466019048188303,100.0,2892.4904364866775,Angrignon,métro,0,10.64790370161558,2.4139982857088005
763102,École du Grand-Héron,"Grand-Héron, du","7676, rue Centrale",Centre de services scolaire Marguerite-Bourgeoys,-73.597318,45.430471,LaSalle,28,14515.0,16.546018614270942,33.111111111111114,68500.0,13.373386261649983,8.929702343255224,24.051069703243616,46.10613370089594,57.9182156133829,37.91590493601463,43.782294178436096,85.49776093696177,2.1068549776093697,100.0,7.7850499483293145,0.48225973131243544,1.4697439430474222,3.949936846939947,1.8831094270295097,2.6,7855.0,13.380012730744747,60.63653723742839,10.630171865054105,15.353278166772757,1965.0,692200.0,4496.5,723833.0,4680.3,397367.0,2569.38,0.6474174904942965,99.89301952393687,1814.9380597296772,Angrignon,métro,0,11.369679851553306,2.4568757958236653
763103,École Henri-Forest,Henri-Forest,"100, rue Trésor-Caché",Centre de services scolaire Marguerite-Bourgeoys,-73.652974,45.425368,LaSalle,21,11270.0,18.456078083407277,33.99209486166008,60400.0,18.66591111111111,12.895377128953772,36.0806663743972,40.719360568383664,68.33333333333333,41.02325581395349,62.20940550133097,89.37000887311446,3.3062999112688556,100.0,9.523809523809524,0.6506950606329488,1.419698314108252,5.235137533274179,2.218278615794144,0.8,5322.0,7.7978203682826,47.4445697106351,7.065013152950018,37.69259676813228,1966.0,581933.0,3762.7799999999997,702900.0,4544.95,416133.0,2690.73,0.6466001408781404,100.0,4499.16401034388,Angrignon,métro,0,5.875318142758936,1.6351570764993721
763104,École Île-des-Soeurs,Île-des-Soeurs,"530, rue de Gaspé",Centre de services scolaire Marguerite-Bourgeoys,-73.548174,45.456886,Verdun,13,14872.0,17.12075344769593,32.916972814107275,97000.0,13.76723901098901,2.096569250317662,39.562692176289715,46.64166382543471,51.575091575091584,48.66810655147588,8.902635825712748,97.02797202797203,1.6674959655728887,100.0,4.280975434821588,0.11206741975972746,1.6361843284920206,1.882732651963421,0.6499910346064193,0.8,7583.0,10.787287353290255,0.0,47.026242911776336,42.186469734933404,1987.0,1273767.0,8358.45,,,559300.0,3670.12,0.6562000614628151,99.93160054719561,1607.9486902081549,De l'Église,métro,0,10.378881048222079,2.188936503856723
763105,École Jardin-des-Saints-Anges,Jardin-des-Saints-Anges,"1225, rue Saint-Louis",Centre de services scolaire Marguerite-Bourgeoys,-73.675186,45.433144,Lachine,15,9428.0,14.543524416135881,27.51605995717345,64000.0,15.87754642656162,10.771992818671453,19.730458221024257,57.725788900979325,58.57294994675186,48.94466628636623,35.278735290621654,100.0,1.9878022910479423,100.0,14.63725074246924,1.131381699901004,3.2527223872153868,6.5054447744307735,3.7477018809220763,2.8,6264.0,6.545338441890166,39.687100893997446,29.438058748403577,24.32950191570881,1959.0,482633.0,3104.28,604450.0,3953.725,356217.0,2306.35,0.6489475504322767,99.96980676328504,5781.015162992574,Angrignon,métro,0,13.705383970828935,4.55956739563603
763106,École Laurendeau-Dunton,Laurendeau-Dunton (français),"1515, rue Rancourt",Centre de services scolaire Marguerite-Bourgeoys,-73.625933,45.428878,LaSalle,38,21603.0,17.272516786293124,37.232845894263214,64500.0,15.272258213789913,13.650939074667889,40.85820895522388,26.55707339661959,66.19638826185101,39.94075536904468,82.72925056705087,45.07707262880156,3.5845947322131186,100.0,8.733354935271334,0.5400484500609483,1.481275748738601,4.798716227684427,1.9133145087873598,6.4,10194.0,3.8552089464390815,72.36609770453207,4.738081224249559,19.040612124779283,1969.0,597567.0,3863.8599999999997,738000.0,4771.91,356466.5,2304.92,0.6465992653578932,99.86522911051213,2595.606415260106,Angrignon,métro,0,6.510574669752729,0.9452730247187788
763107,École Pierre-Rémy,Pierre-Rémy,"360, 80e Avenue",Centre de services scolaire Marguerite-Bourgeoys,-73.636985,45.419518,LaSalle,30,15890.0,16.908060453400502,35.899333826794965,64500.0,16.39833812719719,13.05158483530143,35.57692307692308,35.59105431309904,66.24907885040531,40.656736628300614,63.01841791440307,64.51570160328608,3.5770295783511643,100.0,7.509964338158171,0.46150618837843504,1.4264736731697085,3.9437801552338994,1.6782043213761275,2.6,7069.0,5.31899844391003,68.18503324374028,4.34290564436271,22.153062667986987,1966.0,609717.0,3942.425,752567.0,4866.09,326900.0,2113.7349999999997,0.6465970445654792,99.57528957528957,3947.561158606089,Angrignon,métro,0,8.674126797042007,1.7121975652653558
763108,École Lévis-Sauvé,Lévis-Sauvé,"655, avenue Willibrord",Centre de services scolaire Marguerite-Bourgeoys,-73.572281,45.459891,Verdun,59,32419.0,12.295587781548905,20.663562281722932,62000.0,17.32100234925607,9.7215667767815,19.987458849349427,60.46511627906976,74.83946293053123,52.0,42.85805790417627,94.47540353574175,2.0436163977914186,100.0,12.934801608110469,1.0590497342093628,3.341661782699446,5.367222924828034,3.1668671663736285,7.4,18624.0,2.7491408934707904,39.84106529209622,12.666451890034363,44.74334192439863,1929.0,825683.5,5425.355,830300.0,5447.34,450050.0,2953.22,0.6561317598347489,99.79816798633753,70.39237090075059,Verdun,métro,3,9.95992954868068,0.9636263299873112
763109,École Martin-Bélanger,"Martin-Bélanger, édifice Martin","29, avenue Ouellette",Centre de services scolaire Marguerite-Bourgeoys,-73.645959,45.446077,Lachine,13,7794.0,18.280949326491342,37.9615952732644,55600.0,15.33281952472704,14.527845036319611,26.44787644787645,31.89987163029525,59.08419497784343,39.94601889338731,53.412881703874774,59.674108288427,3.5452590840679425,59.674108288427,15.909674108288426,0.9408947053288854,3.720810880164229,7.7837652895389615,3.464203233256351,3.6,4170.0,26.139088729016784,31.534772182254194,6.450839328537169,35.87529976019185,1955.0,612967.0,3939.11,525766.5,3477.585,451033.0,2904.82,0.6540710382513661,58.35,3309.58814846048,Angrignon,métro,0,1.0568031691710695,0.42529052926196054
763110,École Notre-Dame-de-la-Garde,Notre-Dame-de-la-Garde,"755, rue Brault",Centre de services scolaire Marguerite-Bourgeoys,-73.575454,45.448363,Verdun,38,20069.0,15.285038586009458,27.003573251659006,68500.0,13.306827916351725,10.28618830360846,13.316519546027743,62.81825056717922,73.27542156361778,45.40367705835332,28.780686980043896,79.69172663706425,1.3078379590413074,100.0,9.882571793977444,0.44845283770990085,2.1426080023917486,4.816715664291528,2.474795289584267,1.4,10578.0,4.906409529211571,63.00813008130082,4.878048780487805,27.20741160899981,1940.0,881350.0,5794.355,851300.0,5586.23,473767.0,3118.705,0.6561991097933773,99.44576405384005,1074.0737422666245,Jolicoeur,métro,0,10.412349841820692,1.6273277283073053
763111,École Notre-Dame-de-la-Paix,Notre-Dame-de-la-Paix,"454, avenue Caisse",Centre de services scolaire Marguerite-Bourgeoys,-73.569072,45.470079,Verdun,35,21174.0,12.136953955135773,21.11010009099181,62400.0,18.801075268817204,9.775524981897176,23.927433194410394,56.35747154274643,71.27949183303085,52.69538302811452,40.294284097340125,88.03827751196172,2.2815245111929725,100.0,12.452378703441328,1.2121784578571204,3.06980258807972,4.943169295677088,3.2272283618273985,7.8,11241.0,4.519170892269371,32.23022862734632,19.295436349079264,43.95516413130505,1927.0,861600.0,5653.280000000001,814950.0,5347.705,443300.0,2920.01,0.6587474133865674,99.88720956462892,244.0726691958982,LaSalle,métro,3,10.075694122253648,1.4925334462245035
763112,École Notre-Dame-de-Lourdes,Notre-Dame-de-Lourdes,"504, 5e Avenue",Centre de services scolaire Marguerite-Bourgeoys,-73.571489,45.455887,Verdun,57,30674.0,13.084569007658464,22.246489859594384,62400.0,16.656712238510952,9.928716904276985,18.29248231617042,61.070959264126145,73.90488110137672,49.107297625238346,39.896681899463545,88.58202529968871,1.7101454000130403,100.0,11.051705027058746,0.8910912607854643,2.9666818804198996,4.33591967138293,2.858012214470453,7.2,17233.0,3.6499738873092324,43.631404862763304,11.09499216619277,41.6236290837347,1930.0,886000.0,5820.700000000001,840700.0,5516.24,467133.0,3065.33,0.6564185651620207,99.84942278735151,380.02301783295985,Verdun,métro,3,9.530414885257034,0.9745259314934421
763113,École Notre-Dame-des-Rapides,Notre-Dame-des-Rapides,"8585, rue George",Centre de services scolaire Marguerite-Bourgeoys,-73.619512,45.420958,LaSalle,25,14417.0,15.782171349288934,34.290401968826906,64500.0,15.017222425796994,9.75438596491228,33.62669600293363,40.86021505376344,62.46933769419461,36.69618790912592,47.90658882402002,51.04253544620517,3.1648054380245543,100.0,7.67612309541976,0.39305449584980695,1.3410094564287531,3.999907516589212,1.9421516265519871,1.2,6956.0,10.997699827487061,58.640023001725126,4.5428407130534785,25.81943645773433,1968.0,610867.0,3949.88,774616.5,5008.675,403200.0,2607.09,0.6465995174513202,99.72847168347556,3065.611140243691,Angrignon,métro,0,10.567474638965836,2.299049499044959
763114,École Notre-Dame-des-Sept-Douleurs,Notre-Dame-des-Sept-Douleurs,"320, avenue de l'Église",Centre de services scolaire Marguerite-Bourgeoys,-73.568217,45.462402,Verdun,51,28279.0,11.863507779349364,20.247657295850065,62000.0,17.92078110808356,9.881847475832437,21.32339574622796,59.582132564841494,74.8153122901276,52.38731856378915,47.01981764750207,93.50086655112652,2.2397538809717457,100.0,12.848167662694342,1.1787309782288389,3.51261831512194,5.068543206384007,3.0882751629595573,10.4,16529.0,2.2142900356948396,33.450299473652365,16.528525621634703,47.80688486901809,1928.0,839467.0,5520.39,821933.0,5395.5,449133.5,2947.215,0.6562742933350572,99.83119513841999,99.80588298174997,De l'Église,métro,3,13.157374790934085,1.4593424109781805
763115,École Paul-Jarry,Paul-Jarry,"676, 11e Avenue",Centre de services scolaire Marguerite-Bourgeoys,-73.673521,45.441514,Lachine,24,14193.0,16.743038420867112,30.70631970260223,58800.0,19.13354954954955,14.117647058823529,21.36347065257018,57.92834338417878,65.59220389805097,47.9446792162889,56.25555226532425,96.23926562037312,2.849291904459945,100.0,14.255853824655347,0.7750299443387586,3.5698348951360996,5.941896239930482,3.9690927452500064,3.4,9131.0,8.071405103493595,39.73277844704852,19.69116197568722,32.50465447377067,1959.0,459450.0,2957.955,588016.5,3841.3100000000004,322300.0,2092.27,0.6493002780352178,99.95183044315993,5490.388992939798,Angrignon,métro,0,7.6792454507902494,1.6970566988803073
763116,École Philippe-Morin,Philippe-Morin,"1825, rue Provost",Centre de services scolaire Marguerite-Bourgeoys,-73.680798,45.441694,Lachine,30,19180.0,16.22326551904017,31.101021566401815,56800.0,19.092722812755518,13.606403013182675,25.897506166072898,51.96892579694615,64.88636363636363,46.568201563857514,60.12138728323699,85.64161849710983,2.8107924921793535,100.0,12.65206812652068,1.407716371220021,3.0587417448731316,4.866180048661801,3.319429961765728,2.8,11585.0,9.495036685369012,33.05999136814847,16.176089771255935,41.26888217522659,1966.0,524533.0,3368.76,643233.0,4202.63,341533.0,2213.6800000000003,0.6483799825717336,99.95698924731182,6055.656250251635,Angrignon,métro,0,8.711917979180631,1.4246795196746271
763117,École Sainte-Catherine-Labouré,Sainte-Catherine-Labouré,"441, rue Trudeau",Centre de services scolaire Marguerite-Bourgeoys,-73.640369,45.431443,LaSalle,26,13756.0,16.55749636098981,36.62842012356575,63200.0,17.270980825958702,16.534867002156723,40.82171127026008,29.730726669125783,68.31858407079646,39.1149743184512,97.06264820622657,49.988525969555575,3.3048124454783365,100.0,10.250072695551033,0.9208103130755064,2.059707279247843,4.822138218474362,2.4474168847533195,7.2,6074.0,5.679947316430688,71.3862364175173,2.9140599275600922,20.019756338491934,1967.0,616900.0,3988.8700000000003,699367.0,4522.1,404200.0,2613.5499999999997,0.6466002656042497,100.0,3306.8414996594183,Angrignon,métro,0,3.089337235178314,0.7044094243810713
763118,École Sainte-Geneviève Sud,Sainte-Geneviève Sud,"7520, rue Édouard",Centre de services scolaire Marguerite-Bourgeoys,-73.59239,45.434098,LaSalle,19,10092.0,17.19524281466799,33.08026030368764,72000.0,11.755577889447236,6.660583941605839,20.887991927346114,54.71887550200803,51.95227765726681,36.004273504273506,43.970335339638865,83.66294067067928,1.7296868806975823,100.0,7.761923635883208,0.26423569824283255,1.5193552648962876,3.9635354736424886,2.0147971991015985,1.4,5518.0,20.02537151141718,58.263863718738676,6.252265313519391,15.458499456324756,1955.0,725966.5,4733.245,684167.0,4427.28,379333.0,2479.77,0.6499667877820277,99.89281886387997,1606.103979239432,Angrignon,métro,0,15.06847400819833,4.683214368335882
763119,École Terre-des-Jeunes,Terre-des-Jeunes,"7900, rue Doyle",Centre de services scolaire Marguerite-Bourgeoys,-73.63024,45.438346,LaSalle,26,13738.0,15.555555555555555,37.35581188997338,64500.0,14.254624908958485,13.77371749824315,40.25110782865583,23.079723334546777,66.875,40.131578947368425,91.86198864463532,35.980492065802885,3.5044402387538214,100.0,10.287766293007232,0.9462803901586839,1.6256611830931236,5.604891541709128,2.1109331780462948,5.8,7013.0,3.4649935833452163,80.73577641522887,5.076286895765008,10.722943105660915,1970.0,640867.0,4143.860000000001,763166.5,4934.63,338500.0,2188.745,0.646599750796068,100.0,2255.037496197375,Angrignon,métro,0,4.608204290099225,1.052107745686287
763120,École Très-Saint-Sacrement,"Très-Saint-Sacrement, édifice de l'Avenir","704, 5e Avenue",Centre de services scolaire Marguerite-Bourgeoys,-73.668067,45.442306,Lachine,18,10223.0,15.810083210964269,28.976697061803446,62000.0,17.50069513406157,12.243150684931507,21.014864172219376,58.864197530864196,63.71049949031601,50.673854447439346,51.66701614594255,94.67393583560495,3.0972317323681895,100.0,14.86843392350582,0.847761583357788,3.5866836218983336,6.129968371971698,4.3040203462780005,2.2,5902.0,10.3185360894612,49.00033886818028,13.808878346323281,26.87224669603524,1954.0,440633.0,2839.19,574650.0,3749.005,322583.0,2094.06,0.6517499109714749,99.96288047512992,5057.511538366884,Angrignon,métro,0,7.193234810474314,2.2069773830515476
763121,École Victor-Thérien,Victor-Thérien,"305, 43e Avenue",Centre de services scolaire Marguerite-Bourgeoys,-73.703649,45.437482,Lachine,17,10270.0,14.897760467380722,33.29621380846326,69000.0,13.78215987294865,7.482993197278912,21.693121693121693,48.400203148806504,54.56595264937994,37.51387347391787,17.13416694829334,65.94570237692913,1.931937682570594,100.0,6.88088283024992,0.35702693930542034,1.9798766634209672,2.9535864978902953,1.5903927296332359,2.2,5103.0,31.902802273172643,15.539878502841468,13.854595336076816,38.70272388790907,1961.0,692116.5,4429.18,722500.0,4684.87,393816.5,2543.6800000000003,0.6409245869303931,99.8543335761107,7517.0510005149645,Namur,métro,0,7.977255396164436,2.436324086810058
763122,École Catherine-Soumillard,Catherine-Soumillard,"250, 48e Avenue",Centre de services scolaire Marguerite-Bourgeoys,-73.708788,45.440596,Lachine,17,9024.0,17.829457364341085,42.06989247311828,125000.0,7.3522702104097455,4.3478260869565215,17.54288876591035,53.799223516361614,33.01759133964817,28.47953216374269,7.734929078014184,40.86879432624114,1.4370567375886525,100.0,6.464243498817968,0.07387706855791962,1.92080378250591,3.5460992907801416,0.9234633569739953,1.0,4068.0,57.20255653883972,15.04424778761062,6.809242871189773,20.943952802359885,1953.0,687483.5,4398.895,722167.0,4676.0199999999995,355900.0,2304.34,0.6407946865704186,97.9360165118679,7453.619931186487,Namur,métro,0,8.039841261254585,2.7944760607510326
763124,École des Coquelicots,"Coquelicots, des","7301, rue Churchill, Verdun",Centre de services scolaire Marguerite-Bourgeoys,-73.586991,45.437653,Verdun,15,7462.0,18.334452652787107,35.139318885448915,79500.0,9.604928131416838,5.845771144278607,17.031802120141343,60.423786739576215,47.104851330203445,33.708708708708706,15.843219702658057,70.08559843820393,1.5142053068882337,100.0,6.923970338604485,0.2680246582685607,1.1167694094523364,3.7970159921379434,1.7421602787456445,0.2,3319.0,26.634528472431455,68.60500150647786,2.832178366978005,1.9282916541126844,1951.0,756966.5,4946.764999999999,751367.0,4873.85,427366.5,2763.3450000000003,0.6522537674919269,99.84309623430963,1565.4300408065226,Monk,métro,0,13.595059260043325,5.714495122081475
763127,École des Saules-Rieurs,"Saules-Rieurs, des","1050, 5e Avenue",Centre de services scolaire Marguerite-Bourgeoys,-73.577532,45.456382,Verdun,62,32797.0,13.656454808718182,23.463023463023465,62400.0,16.506739666872303,9.96186844613918,17.761853941149568,61.39677666922486,72.9641693811075,48.99469197362072,38.03875920216447,87.67381866230416,1.740951916333811,100.0,10.62089012206401,0.5894848106025957,2.8254616784055453,4.736205547255339,2.4697380858005307,4.0,18435.0,4.795226471385951,49.308380797396254,9.069704366693788,36.826688364524,1931.0,820367.0,5385.07,812683.5,5323.205,441267.0,2900.1850000000004,0.6550832399408353,99.57964269629184,353.31099749050924,Jolicoeur,métro,2,5.054879803025498,0.48342456981037774
763128,École des Marguerite,"Marguerite, des","100, boul. de l'Île-des-Soeurs",Centre de services scolaire Marguerite-Bourgeoys,-73.544394,45.464761,Verdun,16,16625.0,15.618417092988263,29.716088328075706,103000.0,12.305192012288787,1.5855039637599093,38.27838827838828,49.23400420546711,42.93785310734463,50.256904303147074,7.96390977443609,84.03609022556391,1.7025563909774437,100.0,3.909774436090226,0.040100250626566414,1.363408521303258,1.9649122807017545,0.5413533834586466,1.8,8849.0,10.102836478698158,0.0,49.83613967679964,40.0610238445022,1987.0,1175367.0,7712.76,,,521933.0,3424.94,0.6561992619926199,99.94348153730218,753.4699223573542,Île-des-Soeurs,REM,1,6.709904677307235,1.2659212864550609
763129,École L'Eau-Vive,"Eau-Vive, L'","171, avenue Orchard",Centre de services scolaire Marguerite-Bourgeoys,-73.646858,45.422614,LaSalle,20,10225.0,17.416829745596868,35.41899441340782,61200.0,20.211464968152868,15.384615384615385,37.35059760956175,34.65491923641703,67.45230078563412,40.30478192327903,73.2518337408313,70.72860635696821,3.6725672371638143,100.0,11.572942135289322,0.814995925020375,2.249388753056235,5.770171149144255,2.73838630806846,3.0,5050.0,7.445544554455445,58.198019801980195,5.504950495049505,28.85148514851485,1964.0,572500.0,3701.785,731367.0,4729.03,297733.0,1925.1499999999999,0.6466003913371496,99.50980392156863,4276.488226418564,Angrignon,métro,0,6.713183002066668,2.0592884119208903
763130,École des Berges-de-Lachine,"Berges-de-Lachine, des","50, 34e Avenue",Centre de services scolaire Marguerite-Bourgeoys,-73.693042,45.434035,Lachine,18,12804.0,13.984374999999998,29.012875536480685,69000.0,18.353501522401043,10.455563853622106,26.96724797958316,44.876620660811376,64.93174061433447,49.8422712933754,29.306969459671105,89.9177760375881,2.1975945017182132,100.0,9.710507133187544,1.509944808913881,2.4992189940643548,3.358325523273977,2.3430178069353325,3.6,7489.0,7.824809720924023,17.091734543997863,23.741487515022033,51.341968220056074,1968.0,621500.0,3982.29,713300.0,4651.545,354867.0,2297.83,0.6441933326922604,99.89983305509182,7122.473905796432,Angrignon,métro,0,6.824038075413351,1.6716593505830994
763131,École du Petit-Collège,"Petit-Collège, du","9343, rue Jean-Milot",Centre de services scolaire Marguerite-Bourgeoys,-73.640428,45.430489,LaSalle,26,14104.0,16.643009226401702,36.324786324786324,63200.0,18.155823148813802,16.30510846745976,40.96252755326966,29.629629629629626,69.35622317596567,40.316358024691354,91.289769763803,51.28529915803591,3.3776233692569484,100.0,11.15522783134808,0.921724333522405,2.197958026091889,5.3412743429759875,2.694271128757799,6.6,6289.0,6.010494514231198,70.24964223246938,2.8144379074574655,20.925425345841948,1966.0,610966.5,3950.505,694983.5,4493.77,404200.0,2613.5499999999997,0.6465993765771115,100.0,3364.584892630593,Angrignon,métro,0,3.6020008989971743,0.8010387466459751
763132,Nouvelle école primaire Lachine,Nouvelle école primaire Lachine,"800, rue Sherbrooke",Centre de services scolaire Marguerite-Bourgeoys,-73.671221,45.44659,Lachine,17,10882.0,16.865808823529413,32.300000000000004,58800.0,19.401039206424183,14.215686274509803,24.675324675324674,51.87760778859527,66.10000000000001,45.839636913767016,55.96744140433461,95.01814259095812,3.07498621576916,100.0,12.405807755927219,0.6432641058628928,3.063162408870918,5.360534215524107,3.3388470256693012,0.2,4892.0,9.730171708912511,45.58462796402289,10.09811937857727,34.587080948487326,1956.0,446300.0,2874.96,561233.5,3665.2750000000005,312633.0,2031.24,0.6476497189754636,99.84825493171472,5285.854376691091,Angrignon,métro,0,5.7838470501832555,1.6670939840839074
763133,Nouvelle école primaire LaSalle,Nouvelle école primaire LaSalle,"9569, rue Jean-Milot",Centre de services scolaire Marguerite-Bourgeoys,-73.648492,45.431587,LaSalle,20,11095.0,18.31303563373929,35.17169614984391,62400.0,18.828879706152435,14.490311710193765,37.662942271880816,38.83539660706098,70.7983193277311,41.96737518536827,74.55820207452939,82.28966577026507,3.3466426318161333,100.0,10.365029292474087,0.6008712633318312,1.772570226828902,5.648189875319213,2.343397926994142,2.6,4971.0,8.790987728827197,53.26895996781331,3.9831019915509955,33.956950311808484,1965.0,584633.5,3780.245,665633.0,4303.99,498666.5,3224.375,0.6465985138653605,100.0,3864.975238355421,Angrignon,métro,0,3.866437064890533,1.0930389670728626
763134,École de l'Orée-du-Parc,"Orée-du-Parc, de l'","7500, rue Jean-Chevalier",Centre de services scolaire Marguerite-Bourgeoys,-73.611317,45.437446,LaSalle,26,15927.0,13.312401883830455,33.38246131171702,69500.0,13.058955223880597,8.262454434993925,39.79319546364243,33.01946013810421,41.69117647058824,38.77622377622378,45.672446451988925,44.05507795424741,3.1552081371256357,100.0,7.701806157259162,0.6069358113057491,1.4650174755656014,4.122977752663193,1.5068751177246187,1.4,8210.0,7.734470158343483,43.8611449451888,38.69671132764921,9.707673568818514,1981.0,584167.0,3777.2200000000003,758267.0,4902.96,428783.0,2772.505,0.6466004750593823,99.66738407356681,1141.18792308564,Angrignon,métro,0,22.609929958257876,4.452636509193443
